<?xml version="1.0" encoding="UTF-8"?>
<spirit:component xmlns:xilinx="http://www.xilinx.com" xmlns:spirit="http://www.spiritconsortium.org/XMLSchema/SPIRIT/1685-2009" xmlns:xsi="http://www.w3.org/2001/XMLSchema-instance">
  <spirit:vendor>user.org</spirit:vendor>
  <spirit:library>user</spirit:library>
  <spirit:name>ntp_client</spirit:name>
  <spirit:version>1.0</spirit:version>
  <spirit:busInterfaces>
    <spirit:busInterface>
      <spirit:name>eth_rstn</spirit:name>
      <spirit:busType spirit:vendor="xilinx.com" spirit:library="signal" spirit:name="reset" spirit:version="1.0"/>
      <spirit:abstractionType spirit:vendor="xilinx.com" spirit:library="signal" spirit:name="reset_rtl" spirit:version="1.0"/>
      <spirit:master/>
      <spirit:portMaps>
        <spirit:portMap>
          <spirit:logicalPort>
            <spirit:name>RST</spirit:name>
          </spirit:logicalPort>
          <spirit:physicalPort>
            <spirit:name>eth_rstn</spirit:name>
          </spirit:physicalPort>
        </spirit:portMap>
      </spirit:portMaps>
      <spirit:parameters>
        <spirit:parameter>
          <spirit:name>POLARITY</spirit:name>
          <spirit:value spirit:id="BUSIFPARAM_VALUE.ETH_RSTN.POLARITY" spirit:choiceRef="choice_list_74b5137e">ACTIVE_LOW</spirit:value>
        </spirit:parameter>
      </spirit:parameters>
    </spirit:busInterface>
    <spirit:busInterface>
      <spirit:name>eth_ref_clk</spirit:name>
      <spirit:busType spirit:vendor="xilinx.com" spirit:library="signal" spirit:name="clock" spirit:version="1.0"/>
      <spirit:abstractionType spirit:vendor="xilinx.com" spirit:library="signal" spirit:name="clock_rtl" spirit:version="1.0"/>
      <spirit:master/>
      <spirit:portMaps>
        <spirit:portMap>
          <spirit:logicalPort>
            <spirit:name>CLK</spirit:name>
          </spirit:logicalPort>
          <spirit:physicalPort>
            <spirit:name>eth_ref_clk</spirit:name>
          </spirit:physicalPort>
        </spirit:portMap>
      </spirit:portMaps>
    </spirit:busInterface>
    <spirit:busInterface>
      <spirit:name>eth_rx_clk</spirit:name>
      <spirit:busType spirit:vendor="xilinx.com" spirit:library="signal" spirit:name="clock" spirit:version="1.0"/>
      <spirit:abstractionType spirit:vendor="xilinx.com" spirit:library="signal" spirit:name="clock_rtl" spirit:version="1.0"/>
      <spirit:slave/>
      <spirit:portMaps>
        <spirit:portMap>
          <spirit:logicalPort>
            <spirit:name>CLK</spirit:name>
          </spirit:logicalPort>
          <spirit:physicalPort>
            <spirit:name>eth_rx_clk</spirit:name>
          </spirit:physicalPort>
        </spirit:portMap>
      </spirit:portMaps>
    </spirit:busInterface>
    <spirit:busInterface>
      <spirit:name>eth_tx_clk</spirit:name>
      <spirit:busType spirit:vendor="xilinx.com" spirit:library="signal" spirit:name="clock" spirit:version="1.0"/>
      <spirit:abstractionType spirit:vendor="xilinx.com" spirit:library="signal" spirit:name="clock_rtl" spirit:version="1.0"/>
      <spirit:slave/>
      <spirit:portMaps>
        <spirit:portMap>
          <spirit:logicalPort>
            <spirit:name>CLK</spirit:name>
          </spirit:logicalPort>
          <spirit:physicalPort>
            <spirit:name>eth_tx_clk</spirit:name>
          </spirit:physicalPort>
        </spirit:portMap>
      </spirit:portMaps>
    </spirit:busInterface>
  </spirit:busInterfaces>
  <spirit:memoryMaps>
    <spirit:memoryMap>
      <spirit:name>S00_AXI</spirit:name>
      <spirit:addressBlock>
        <spirit:name>S00_AXI_reg</spirit:name>
        <spirit:baseAddress spirit:format="long" spirit:resolve="user">0</spirit:baseAddress>
        <spirit:range spirit:format="long">4096</spirit:range>
        <spirit:width spirit:format="long">32</spirit:width>
        <spirit:usage>register</spirit:usage>
        <spirit:parameters>
          <spirit:parameter>
            <spirit:name>OFFSET_BASE_PARAM</spirit:name>
            <spirit:value spirit:id="ADDRBLOCKPARAM_VALUE.S00_AXI.S00_AXI_REG.OFFSET_BASE_PARAM">C_S00_AXI_BASEADDR</spirit:value>
          </spirit:parameter>
          <spirit:parameter>
            <spirit:name>OFFSET_HIGH_PARAM</spirit:name>
            <spirit:value spirit:id="ADDRBLOCKPARAM_VALUE.S00_AXI.S00_AXI_REG.OFFSET_HIGH_PARAM">C_S00_AXI_HIGHADDR</spirit:value>
          </spirit:parameter>
        </spirit:parameters>
      </spirit:addressBlock>
    </spirit:memoryMap>
  </spirit:memoryMaps>
  <spirit:model>
    <spirit:views>
      <spirit:view>
        <spirit:name>xilinx_verilogsynthesis</spirit:name>
        <spirit:displayName>Verilog Synthesis</spirit:displayName>
        <spirit:envIdentifier>verilogSource:vivado.xilinx.com:synthesis</spirit:envIdentifier>
        <spirit:language>verilog</spirit:language>
        <spirit:modelName>arty_ntp_client</spirit:modelName>
        <spirit:fileSetRef>
          <spirit:localName>xilinx_verilogsynthesis_view_fileset</spirit:localName>
        </spirit:fileSetRef>
        <spirit:parameters>
          <spirit:parameter>
            <spirit:name>viewChecksum</spirit:name>
            <spirit:value>78fa0614</spirit:value>
          </spirit:parameter>
        </spirit:parameters>
      </spirit:view>
      <spirit:view>
        <spirit:name>xilinx_verilogbehavioralsimulation</spirit:name>
        <spirit:displayName>Verilog Simulation</spirit:displayName>
        <spirit:envIdentifier>verilogSource:vivado.xilinx.com:simulation</spirit:envIdentifier>
        <spirit:language>verilog</spirit:language>
        <spirit:modelName>arty_ntp_client</spirit:modelName>
        <spirit:fileSetRef>
          <spirit:localName>xilinx_verilogbehavioralsimulation_view_fileset</spirit:localName>
        </spirit:fileSetRef>
        <spirit:parameters>
          <spirit:parameter>
            <spirit:name>viewChecksum</spirit:name>
            <spirit:value>78fa0614</spirit:value>
          </spirit:parameter>
        </spirit:parameters>
      </spirit:view>
      <spirit:view>
        <spirit:name>xilinx_softwaredriver</spirit:name>
        <spirit:displayName>Software Driver</spirit:displayName>
        <spirit:envIdentifier>:vivado.xilinx.com:sw.driver</spirit:envIdentifier>
        <spirit:fileSetRef>
          <spirit:localName>xilinx_softwaredriver_view_fileset</spirit:localName>
        </spirit:fileSetRef>
        <spirit:parameters>
          <spirit:parameter>
            <spirit:name>viewChecksum</spirit:name>
            <spirit:value>1c4692e0</spirit:value>
          </spirit:parameter>
        </spirit:parameters>
      </spirit:view>
      <spirit:view>
        <spirit:name>xilinx_xpgui</spirit:name>
        <spirit:displayName>UI Layout</spirit:displayName>
        <spirit:envIdentifier>:vivado.xilinx.com:xgui.ui</spirit:envIdentifier>
        <spirit:fileSetRef>
          <spirit:localName>xilinx_xpgui_view_fileset</spirit:localName>
        </spirit:fileSetRef>
        <spirit:parameters>
          <spirit:parameter>
            <spirit:name>viewChecksum</spirit:name>
            <spirit:value>cfa2a1bc</spirit:value>
          </spirit:parameter>
        </spirit:parameters>
      </spirit:view>
      <spirit:view>
        <spirit:name>bd_tcl</spirit:name>
        <spirit:displayName>Block Diagram</spirit:displayName>
        <spirit:envIdentifier>:vivado.xilinx.com:block.diagram</spirit:envIdentifier>
        <spirit:fileSetRef>
          <spirit:localName>bd_tcl_view_fileset</spirit:localName>
        </spirit:fileSetRef>
        <spirit:parameters>
          <spirit:parameter>
            <spirit:name>viewChecksum</spirit:name>
            <spirit:value>45a2f450</spirit:value>
          </spirit:parameter>
        </spirit:parameters>
      </spirit:view>
    </spirit:views>
    <spirit:ports>
      <spirit:port>
        <spirit:name>CLK100MHZ</spirit:name>
        <spirit:wire>
          <spirit:direction>in</spirit:direction>
          <spirit:wireTypeDefs>
            <spirit:wireTypeDef>
              <spirit:typeName>STD_LOGIC</spirit:typeName>
              <spirit:viewNameRef>xilinx_verilogsynthesis</spirit:viewNameRef>
              <spirit:viewNameRef>xilinx_verilogbehavioralsimulation</spirit:viewNameRef>
            </spirit:wireTypeDef>
          </spirit:wireTypeDefs>
        </spirit:wire>
      </spirit:port>
      <spirit:port>
        <spirit:name>switches</spirit:name>
        <spirit:wire>
          <spirit:direction>in</spirit:direction>
          <spirit:vector>
            <spirit:left spirit:format="long">3</spirit:left>
            <spirit:right spirit:format="long">0</spirit:right>
          </spirit:vector>
          <spirit:wireTypeDefs>
            <spirit:wireTypeDef>
              <spirit:typeName>STD_LOGIC_VECTOR</spirit:typeName>
              <spirit:viewNameRef>xilinx_verilogsynthesis</spirit:viewNameRef>
              <spirit:viewNameRef>xilinx_verilogbehavioralsimulation</spirit:viewNameRef>
            </spirit:wireTypeDef>
          </spirit:wireTypeDefs>
        </spirit:wire>
      </spirit:port>
      <spirit:port>
        <spirit:name>eth_mdio</spirit:name>
        <spirit:wire>
          <spirit:direction>inout</spirit:direction>
          <spirit:wireTypeDefs>
            <spirit:wireTypeDef>
              <spirit:typeName>STD_LOGIC</spirit:typeName>
              <spirit:viewNameRef>xilinx_verilogsynthesis</spirit:viewNameRef>
              <spirit:viewNameRef>xilinx_verilogbehavioralsimulation</spirit:viewNameRef>
            </spirit:wireTypeDef>
          </spirit:wireTypeDefs>
          <spirit:driver>
            <spirit:defaultValue spirit:format="bitString" spirit:bitStringLength="1">0x0</spirit:defaultValue>
          </spirit:driver>
        </spirit:wire>
      </spirit:port>
      <spirit:port>
        <spirit:name>eth_mdc</spirit:name>
        <spirit:wire>
          <spirit:direction>out</spirit:direction>
          <spirit:wireTypeDefs>
            <spirit:wireTypeDef>
              <spirit:typeName>STD_LOGIC</spirit:typeName>
              <spirit:viewNameRef>xilinx_verilogsynthesis</spirit:viewNameRef>
              <spirit:viewNameRef>xilinx_verilogbehavioralsimulation</spirit:viewNameRef>
            </spirit:wireTypeDef>
          </spirit:wireTypeDefs>
          <spirit:driver>
            <spirit:defaultValue spirit:format="bitString" spirit:bitStringLength="1">0x0</spirit:defaultValue>
          </spirit:driver>
        </spirit:wire>
      </spirit:port>
      <spirit:port>
        <spirit:name>eth_rstn</spirit:name>
        <spirit:wire>
          <spirit:direction>out</spirit:direction>
          <spirit:wireTypeDefs>
            <spirit:wireTypeDef>
              <spirit:typeName>STD_LOGIC</spirit:typeName>
              <spirit:viewNameRef>xilinx_verilogsynthesis</spirit:viewNameRef>
              <spirit:viewNameRef>xilinx_verilogbehavioralsimulation</spirit:viewNameRef>
            </spirit:wireTypeDef>
          </spirit:wireTypeDefs>
          <spirit:driver>
            <spirit:defaultValue spirit:format="bitString" spirit:bitStringLength="1">0x1</spirit:defaultValue>
          </spirit:driver>
        </spirit:wire>
      </spirit:port>
      <spirit:port>
        <spirit:name>eth_tx_d</spirit:name>
        <spirit:wire>
          <spirit:direction>out</spirit:direction>
          <spirit:vector>
            <spirit:left spirit:format="long">3</spirit:left>
            <spirit:right spirit:format="long">0</spirit:right>
          </spirit:vector>
          <spirit:wireTypeDefs>
            <spirit:wireTypeDef>
              <spirit:typeName>STD_LOGIC_VECTOR</spirit:typeName>
              <spirit:viewNameRef>xilinx_verilogsynthesis</spirit:viewNameRef>
              <spirit:viewNameRef>xilinx_verilogbehavioralsimulation</spirit:viewNameRef>
            </spirit:wireTypeDef>
          </spirit:wireTypeDefs>
          <spirit:driver>
            <spirit:defaultValue spirit:format="long">0</spirit:defaultValue>
          </spirit:driver>
        </spirit:wire>
      </spirit:port>
      <spirit:port>
        <spirit:name>eth_tx_en</spirit:name>
        <spirit:wire>
          <spirit:direction>out</spirit:direction>
          <spirit:wireTypeDefs>
            <spirit:wireTypeDef>
              <spirit:typeName>STD_LOGIC</spirit:typeName>
              <spirit:viewNameRef>xilinx_verilogsynthesis</spirit:viewNameRef>
              <spirit:viewNameRef>xilinx_verilogbehavioralsimulation</spirit:viewNameRef>
            </spirit:wireTypeDef>
          </spirit:wireTypeDefs>
          <spirit:driver>
            <spirit:defaultValue spirit:format="bitString" spirit:bitStringLength="1">0x0</spirit:defaultValue>
          </spirit:driver>
        </spirit:wire>
      </spirit:port>
      <spirit:port>
        <spirit:name>eth_tx_clk</spirit:name>
        <spirit:wire>
          <spirit:direction>in</spirit:direction>
          <spirit:wireTypeDefs>
            <spirit:wireTypeDef>
              <spirit:typeName>STD_LOGIC</spirit:typeName>
              <spirit:viewNameRef>xilinx_verilogsynthesis</spirit:viewNameRef>
              <spirit:viewNameRef>xilinx_verilogbehavioralsimulation</spirit:viewNameRef>
            </spirit:wireTypeDef>
          </spirit:wireTypeDefs>
        </spirit:wire>
      </spirit:port>
      <spirit:port>
        <spirit:name>eth_rx_d</spirit:name>
        <spirit:wire>
          <spirit:direction>in</spirit:direction>
          <spirit:vector>
            <spirit:left spirit:format="long">3</spirit:left>
            <spirit:right spirit:format="long">0</spirit:right>
          </spirit:vector>
          <spirit:wireTypeDefs>
            <spirit:wireTypeDef>
              <spirit:typeName>STD_LOGIC_VECTOR</spirit:typeName>
              <spirit:viewNameRef>xilinx_verilogsynthesis</spirit:viewNameRef>
              <spirit:viewNameRef>xilinx_verilogbehavioralsimulation</spirit:viewNameRef>
            </spirit:wireTypeDef>
          </spirit:wireTypeDefs>
        </spirit:wire>
      </spirit:port>
      <spirit:port>
        <spirit:name>eth_rx_err</spirit:name>
        <spirit:wire>
          <spirit:direction>in</spirit:direction>
          <spirit:wireTypeDefs>
            <spirit:wireTypeDef>
              <spirit:typeName>STD_LOGIC</spirit:typeName>
              <spirit:viewNameRef>xilinx_verilogsynthesis</spirit:viewNameRef>
              <spirit:viewNameRef>xilinx_verilogbehavioralsimulation</spirit:viewNameRef>
            </spirit:wireTypeDef>
          </spirit:wireTypeDefs>
        </spirit:wire>
      </spirit:port>
      <spirit:port>
        <spirit:name>eth_rx_dv</spirit:name>
        <spirit:wire>
          <spirit:direction>in</spirit:direction>
          <spirit:wireTypeDefs>
            <spirit:wireTypeDef>
              <spirit:typeName>STD_LOGIC</spirit:typeName>
              <spirit:viewNameRef>xilinx_verilogsynthesis</spirit:viewNameRef>
              <spirit:viewNameRef>xilinx_verilogbehavioralsimulation</spirit:viewNameRef>
            </spirit:wireTypeDef>
          </spirit:wireTypeDefs>
        </spirit:wire>
      </spirit:port>
      <spirit:port>
        <spirit:name>eth_rx_clk</spirit:name>
        <spirit:wire>
          <spirit:direction>in</spirit:direction>
          <spirit:wireTypeDefs>
            <spirit:wireTypeDef>
              <spirit:typeName>STD_LOGIC</spirit:typeName>
              <spirit:viewNameRef>xilinx_verilogsynthesis</spirit:viewNameRef>
              <spirit:viewNameRef>xilinx_verilogbehavioralsimulation</spirit:viewNameRef>
            </spirit:wireTypeDef>
          </spirit:wireTypeDefs>
        </spirit:wire>
      </spirit:port>
      <spirit:port>
        <spirit:name>eth_col</spirit:name>
        <spirit:wire>
          <spirit:direction>in</spirit:direction>
          <spirit:wireTypeDefs>
            <spirit:wireTypeDef>
              <spirit:typeName>STD_LOGIC</spirit:typeName>
              <spirit:viewNameRef>xilinx_verilogsynthesis</spirit:viewNameRef>
              <spirit:viewNameRef>xilinx_verilogbehavioralsimulation</spirit:viewNameRef>
            </spirit:wireTypeDef>
          </spirit:wireTypeDefs>
        </spirit:wire>
      </spirit:port>
      <spirit:port>
        <spirit:name>eth_crs</spirit:name>
        <spirit:wire>
          <spirit:direction>in</spirit:direction>
          <spirit:wireTypeDefs>
            <spirit:wireTypeDef>
              <spirit:typeName>STD_LOGIC</spirit:typeName>
              <spirit:viewNameRef>xilinx_verilogsynthesis</spirit:viewNameRef>
              <spirit:viewNameRef>xilinx_verilogbehavioralsimulation</spirit:viewNameRef>
            </spirit:wireTypeDef>
          </spirit:wireTypeDefs>
        </spirit:wire>
      </spirit:port>
      <spirit:port>
        <spirit:name>eth_ref_clk</spirit:name>
        <spirit:wire>
          <spirit:direction>out</spirit:direction>
          <spirit:wireTypeDefs>
            <spirit:wireTypeDef>
              <spirit:typeName>STD_LOGIC</spirit:typeName>
              <spirit:viewNameRef>xilinx_verilogsynthesis</spirit:viewNameRef>
              <spirit:viewNameRef>xilinx_verilogbehavioralsimulation</spirit:viewNameRef>
            </spirit:wireTypeDef>
          </spirit:wireTypeDefs>
        </spirit:wire>
      </spirit:port>
      <spirit:port>
        <spirit:name>led4</spirit:name>
        <spirit:wire>
          <spirit:direction>out</spirit:direction>
          <spirit:wireTypeDefs>
            <spirit:wireTypeDef>
              <spirit:typeName>STD_LOGIC</spirit:typeName>
              <spirit:viewNameRef>xilinx_verilogsynthesis</spirit:viewNameRef>
              <spirit:viewNameRef>xilinx_verilogbehavioralsimulation</spirit:viewNameRef>
            </spirit:wireTypeDef>
          </spirit:wireTypeDefs>
        </spirit:wire>
      </spirit:port>
      <spirit:port>
        <spirit:name>led5</spirit:name>
        <spirit:wire>
          <spirit:direction>out</spirit:direction>
          <spirit:wireTypeDefs>
            <spirit:wireTypeDef>
              <spirit:typeName>STD_LOGIC</spirit:typeName>
              <spirit:viewNameRef>xilinx_verilogsynthesis</spirit:viewNameRef>
              <spirit:viewNameRef>xilinx_verilogbehavioralsimulation</spirit:viewNameRef>
            </spirit:wireTypeDef>
          </spirit:wireTypeDefs>
        </spirit:wire>
      </spirit:port>
      <spirit:port>
        <spirit:name>led6</spirit:name>
        <spirit:wire>
          <spirit:direction>out</spirit:direction>
          <spirit:wireTypeDefs>
            <spirit:wireTypeDef>
              <spirit:typeName>STD_LOGIC</spirit:typeName>
              <spirit:viewNameRef>xilinx_verilogsynthesis</spirit:viewNameRef>
              <spirit:viewNameRef>xilinx_verilogbehavioralsimulation</spirit:viewNameRef>
            </spirit:wireTypeDef>
          </spirit:wireTypeDefs>
        </spirit:wire>
      </spirit:port>
      <spirit:port>
        <spirit:name>led7</spirit:name>
        <spirit:wire>
          <spirit:direction>out</spirit:direction>
          <spirit:wireTypeDefs>
            <spirit:wireTypeDef>
              <spirit:typeName>STD_LOGIC</spirit:typeName>
              <spirit:viewNameRef>xilinx_verilogsynthesis</spirit:viewNameRef>
              <spirit:viewNameRef>xilinx_verilogbehavioralsimulation</spirit:viewNameRef>
            </spirit:wireTypeDef>
          </spirit:wireTypeDefs>
        </spirit:wire>
      </spirit:port>
      <spirit:port>
        <spirit:name>PMODA_1</spirit:name>
        <spirit:wire>
          <spirit:direction>out</spirit:direction>
          <spirit:wireTypeDefs>
            <spirit:wireTypeDef>
              <spirit:typeName>std_logic</spirit:typeName>
              <spirit:viewNameRef>xilinx_verilogsynthesis</spirit:viewNameRef>
              <spirit:viewNameRef>xilinx_verilogbehavioralsimulation</spirit:viewNameRef>
            </spirit:wireTypeDef>
          </spirit:wireTypeDefs>
        </spirit:wire>
      </spirit:port>
      <spirit:port>
        <spirit:name>PMODA_2</spirit:name>
        <spirit:wire>
          <spirit:direction>out</spirit:direction>
          <spirit:wireTypeDefs>
            <spirit:wireTypeDef>
              <spirit:typeName>std_logic</spirit:typeName>
              <spirit:viewNameRef>xilinx_verilogsynthesis</spirit:viewNameRef>
              <spirit:viewNameRef>xilinx_verilogbehavioralsimulation</spirit:viewNameRef>
            </spirit:wireTypeDef>
          </spirit:wireTypeDefs>
        </spirit:wire>
      </spirit:port>
      <spirit:port>
        <spirit:name>PMODA_3</spirit:name>
        <spirit:wire>
          <spirit:direction>out</spirit:direction>
          <spirit:wireTypeDefs>
            <spirit:wireTypeDef>
              <spirit:typeName>std_logic</spirit:typeName>
              <spirit:viewNameRef>xilinx_verilogsynthesis</spirit:viewNameRef>
              <spirit:viewNameRef>xilinx_verilogbehavioralsimulation</spirit:viewNameRef>
            </spirit:wireTypeDef>
          </spirit:wireTypeDefs>
        </spirit:wire>
      </spirit:port>
      <spirit:port>
        <spirit:name>PMODA_4</spirit:name>
        <spirit:wire>
          <spirit:direction>out</spirit:direction>
          <spirit:wireTypeDefs>
            <spirit:wireTypeDef>
              <spirit:typeName>std_logic</spirit:typeName>
              <spirit:viewNameRef>xilinx_verilogsynthesis</spirit:viewNameRef>
              <spirit:viewNameRef>xilinx_verilogbehavioralsimulation</spirit:viewNameRef>
            </spirit:wireTypeDef>
          </spirit:wireTypeDefs>
        </spirit:wire>
      </spirit:port>
      <spirit:port>
        <spirit:name>PMODA_7</spirit:name>
        <spirit:wire>
          <spirit:direction>out</spirit:direction>
          <spirit:wireTypeDefs>
            <spirit:wireTypeDef>
              <spirit:typeName>std_logic</spirit:typeName>
              <spirit:viewNameRef>xilinx_verilogsynthesis</spirit:viewNameRef>
              <spirit:viewNameRef>xilinx_verilogbehavioralsimulation</spirit:viewNameRef>
            </spirit:wireTypeDef>
          </spirit:wireTypeDefs>
        </spirit:wire>
      </spirit:port>
      <spirit:port>
        <spirit:name>PMODA_8</spirit:name>
        <spirit:wire>
          <spirit:direction>out</spirit:direction>
          <spirit:wireTypeDefs>
            <spirit:wireTypeDef>
              <spirit:typeName>std_logic</spirit:typeName>
              <spirit:viewNameRef>xilinx_verilogsynthesis</spirit:viewNameRef>
              <spirit:viewNameRef>xilinx_verilogbehavioralsimulation</spirit:viewNameRef>
            </spirit:wireTypeDef>
          </spirit:wireTypeDefs>
        </spirit:wire>
      </spirit:port>
      <spirit:port>
        <spirit:name>PMODA_9</spirit:name>
        <spirit:wire>
          <spirit:direction>out</spirit:direction>
          <spirit:wireTypeDefs>
            <spirit:wireTypeDef>
              <spirit:typeName>std_logic</spirit:typeName>
              <spirit:viewNameRef>xilinx_verilogsynthesis</spirit:viewNameRef>
              <spirit:viewNameRef>xilinx_verilogbehavioralsimulation</spirit:viewNameRef>
            </spirit:wireTypeDef>
          </spirit:wireTypeDefs>
        </spirit:wire>
      </spirit:port>
      <spirit:port>
        <spirit:name>PMODA_10</spirit:name>
        <spirit:wire>
          <spirit:direction>out</spirit:direction>
          <spirit:wireTypeDefs>
            <spirit:wireTypeDef>
              <spirit:typeName>std_logic</spirit:typeName>
              <spirit:viewNameRef>xilinx_verilogsynthesis</spirit:viewNameRef>
              <spirit:viewNameRef>xilinx_verilogbehavioralsimulation</spirit:viewNameRef>
            </spirit:wireTypeDef>
          </spirit:wireTypeDefs>
        </spirit:wire>
      </spirit:port>
      <spirit:port>
        <spirit:name>UART_TXD</spirit:name>
        <spirit:wire>
          <spirit:direction>in</spirit:direction>
          <spirit:wireTypeDefs>
            <spirit:wireTypeDef>
              <spirit:typeName>std_logic</spirit:typeName>
              <spirit:viewNameRef>xilinx_verilogsynthesis</spirit:viewNameRef>
              <spirit:viewNameRef>xilinx_verilogbehavioralsimulation</spirit:viewNameRef>
            </spirit:wireTypeDef>
          </spirit:wireTypeDefs>
        </spirit:wire>
      </spirit:port>
      <spirit:port>
        <spirit:name>UART_RXD</spirit:name>
        <spirit:wire>
          <spirit:direction>out</spirit:direction>
          <spirit:wireTypeDefs>
            <spirit:wireTypeDef>
              <spirit:typeName>std_logic</spirit:typeName>
              <spirit:viewNameRef>xilinx_verilogsynthesis</spirit:viewNameRef>
              <spirit:viewNameRef>xilinx_verilogbehavioralsimulation</spirit:viewNameRef>
            </spirit:wireTypeDef>
          </spirit:wireTypeDefs>
        </spirit:wire>
      </spirit:port>
    </spirit:ports>
    <spirit:modelParameters>
      <spirit:modelParameter xsi:type="spirit:nameValueTypeType" spirit:dataType="boolean">
        <spirit:name>g_SIMULATION</spirit:name>
        <spirit:displayName>G Simulation</spirit:displayName>
        <spirit:value spirit:format="bool" spirit:resolve="generated" spirit:id="MODELPARAM_VALUE.g_SIMULATION">false</spirit:value>
      </spirit:modelParameter>
      <spirit:modelParameter spirit:dataType="std_logic_vector(47 downto 0)">
        <spirit:name>g_DST_MAC</spirit:name>
        <spirit:displayName>G Dst Mac</spirit:displayName>
        <spirit:value spirit:format="bitString" spirit:resolve="generated" spirit:id="MODELPARAM_VALUE.g_DST_MAC" spirit:bitStringLength="48">0x9021061C8918</spirit:value>
      </spirit:modelParameter>
      <spirit:modelParameter spirit:dataType="std_logic_vector(47 downto 0)">
        <spirit:name>g_SRC_MAC</spirit:name>
        <spirit:displayName>G Src Mac</spirit:displayName>
        <spirit:value spirit:format="bitString" spirit:resolve="generated" spirit:id="MODELPARAM_VALUE.g_SRC_MAC" spirit:bitStringLength="48">0x00183E0238DB</spirit:value>
      </spirit:modelParameter>
      <spirit:modelParameter spirit:dataType="std_logic_vector(31 downto 0)">
        <spirit:name>g_IP_SRC</spirit:name>
        <spirit:displayName>G Ip Src</spirit:displayName>
        <spirit:value spirit:format="bitString" spirit:resolve="generated" spirit:id="MODELPARAM_VALUE.g_IP_SRC" spirit:bitStringLength="32">0xC0A80065</spirit:value>
      </spirit:modelParameter>
      <spirit:modelParameter spirit:dataType="std_logic_vector(31 downto 0)">
        <spirit:name>g_IP_DST</spirit:name>
        <spirit:displayName>G Ip Dst</spirit:displayName>
        <spirit:value spirit:format="bitString" spirit:resolve="generated" spirit:id="MODELPARAM_VALUE.g_IP_DST" spirit:bitStringLength="32">0x8B8F051E</spirit:value>
      </spirit:modelParameter>
      <spirit:modelParameter spirit:dataType="integer">
        <spirit:name>GMT_OFFSET</spirit:name>
        <spirit:displayName>Gmt Offset</spirit:displayName>
        <spirit:value spirit:format="long" spirit:resolve="generated" spirit:id="MODELPARAM_VALUE.GMT_OFFSET">3600</spirit:value>
      </spirit:modelParameter>
    </spirit:modelParameters>
  </spirit:model>
  <spirit:choices>
    <spirit:choice>
      <spirit:name>choice_list_74b5137e</spirit:name>
      <spirit:enumeration>ACTIVE_HIGH</spirit:enumeration>
      <spirit:enumeration>ACTIVE_LOW</spirit:enumeration>
    </spirit:choice>
  </spirit:choices>
  <spirit:fileSets>
    <spirit:fileSet>
      <spirit:name>xilinx_verilogsynthesis_view_fileset</spirit:name>
      <spirit:file>
        <spirit:name>src/UART_TX.vhd</spirit:name>
        <spirit:fileType>vhdlSource</spirit:fileType>
      </spirit:file>
      <spirit:file>
        <spirit:name>src/add_crc32.vhd</spirit:name>
        <spirit:fileType>vhdlSource</spirit:fileType>
      </spirit:file>
      <spirit:file>
        <spirit:name>src/add_preamble.vhd</spirit:name>
        <spirit:fileType>vhdlSource</spirit:fileType>
      </spirit:file>
      <spirit:file>
        <spirit:name>src/ntp_pkg.vhd</spirit:name>
        <spirit:fileType>vhdlSource</spirit:fileType>
      </spirit:file>
      <spirit:file>
        <spirit:name>src/arp_decoder.vhd</spirit:name>
        <spirit:fileType>vhdlSource</spirit:fileType>
      </spirit:file>
      <spirit:file>
        <spirit:name>src/axis_arbiter.vhd</spirit:name>
        <spirit:fileType>vhdlSource</spirit:fileType>
      </spirit:file>
      <spirit:file>
        <spirit:name>src/axis_eth.vhd</spirit:name>
        <spirit:fileType>vhdlSource</spirit:fileType>
      </spirit:file>
      <spirit:file>
        <spirit:name>src/axis_ntp.vhd</spirit:name>
        <spirit:fileType>vhdlSource</spirit:fileType>
      </spirit:file>
      <spirit:file>
        <spirit:name>src/ipv4_decoder.vhd</spirit:name>
        <spirit:fileType>vhdlSource</spirit:fileType>
      </spirit:file>
      <spirit:file>
        <spirit:name>src/main_clock.vhd</spirit:name>
        <spirit:fileType>vhdlSource</spirit:fileType>
      </spirit:file>
      <spirit:file>
        <spirit:name>src/ntp_client.vhd</spirit:name>
        <spirit:fileType>vhdlSource</spirit:fileType>
      </spirit:file>
      <spirit:file>
        <spirit:name>src/packet_decoder.vhd</spirit:name>
        <spirit:fileType>vhdlSource</spirit:fileType>
      </spirit:file>
      <spirit:file>
        <spirit:name>src/resetgen.vhd</spirit:name>
        <spirit:fileType>vhdlSource</spirit:fileType>
      </spirit:file>
      <spirit:file>
        <spirit:name>src/uart_mux.vhd</spirit:name>
        <spirit:fileType>vhdlSource</spirit:fileType>
      </spirit:file>
      <spirit:file>
        <spirit:name>src/uartdump.vhd</spirit:name>
        <spirit:fileType>vhdlSource</spirit:fileType>
      </spirit:file>
      <spirit:file>
        <spirit:name>src/arty_ntp_client.vhd</spirit:name>
        <spirit:fileType>vhdlSource</spirit:fileType>
        <spirit:userFileType>CHECKSUM_851cfdc6</spirit:userFileType>
      </spirit:file>
    </spirit:fileSet>
    <spirit:fileSet>
      <spirit:name>xilinx_verilogbehavioralsimulation_view_fileset</spirit:name>
      <spirit:file>
        <spirit:name>src/UART_TX.vhd</spirit:name>
        <spirit:fileType>vhdlSource</spirit:fileType>
      </spirit:file>
      <spirit:file>
        <spirit:name>src/add_crc32.vhd</spirit:name>
        <spirit:fileType>vhdlSource</spirit:fileType>
      </spirit:file>
      <spirit:file>
        <spirit:name>src/add_preamble.vhd</spirit:name>
        <spirit:fileType>vhdlSource</spirit:fileType>
      </spirit:file>
      <spirit:file>
        <spirit:name>src/ntp_pkg.vhd</spirit:name>
        <spirit:fileType>vhdlSource</spirit:fileType>
      </spirit:file>
      <spirit:file>
        <spirit:name>src/arp_decoder.vhd</spirit:name>
        <spirit:fileType>vhdlSource</spirit:fileType>
      </spirit:file>
      <spirit:file>
        <spirit:name>src/axis_arbiter.vhd</spirit:name>
        <spirit:fileType>vhdlSource</spirit:fileType>
      </spirit:file>
      <spirit:file>
        <spirit:name>src/axis_eth.vhd</spirit:name>
        <spirit:fileType>vhdlSource</spirit:fileType>
      </spirit:file>
      <spirit:file>
        <spirit:name>src/axis_ntp.vhd</spirit:name>
        <spirit:fileType>vhdlSource</spirit:fileType>
      </spirit:file>
      <spirit:file>
        <spirit:name>src/ipv4_decoder.vhd</spirit:name>
        <spirit:fileType>vhdlSource</spirit:fileType>
      </spirit:file>
      <spirit:file>
        <spirit:name>src/main_clock.vhd</spirit:name>
        <spirit:fileType>vhdlSource</spirit:fileType>
      </spirit:file>
      <spirit:file>
        <spirit:name>src/ntp_client.vhd</spirit:name>
        <spirit:fileType>vhdlSource</spirit:fileType>
      </spirit:file>
      <spirit:file>
        <spirit:name>src/packet_decoder.vhd</spirit:name>
        <spirit:fileType>vhdlSource</spirit:fileType>
      </spirit:file>
      <spirit:file>
        <spirit:name>src/resetgen.vhd</spirit:name>
        <spirit:fileType>vhdlSource</spirit:fileType>
      </spirit:file>
      <spirit:file>
        <spirit:name>src/uart_mux.vhd</spirit:name>
        <spirit:fileType>vhdlSource</spirit:fileType>
      </spirit:file>
      <spirit:file>
        <spirit:name>src/uartdump.vhd</spirit:name>
        <spirit:fileType>vhdlSource</spirit:fileType>
      </spirit:file>
      <spirit:file>
        <spirit:name>src/arty_ntp_client.vhd</spirit:name>
        <spirit:fileType>vhdlSource</spirit:fileType>
      </spirit:file>
    </spirit:fileSet>
    <spirit:fileSet>
      <spirit:name>xilinx_softwaredriver_view_fileset</spirit:name>
      <spirit:file>
        <spirit:name>drivers/ntp_client_v1_0/data/ntp_client.mdd</spirit:name>
        <spirit:userFileType>mdd</spirit:userFileType>
        <spirit:userFileType>driver_mdd</spirit:userFileType>
      </spirit:file>
      <spirit:file>
        <spirit:name>drivers/ntp_client_v1_0/data/ntp_client.tcl</spirit:name>
        <spirit:fileType>tclSource</spirit:fileType>
        <spirit:userFileType>driver_tcl</spirit:userFileType>
      </spirit:file>
      <spirit:file>
        <spirit:name>drivers/ntp_client_v1_0/src/Makefile</spirit:name>
        <spirit:userFileType>driver_src</spirit:userFileType>
      </spirit:file>
      <spirit:file>
        <spirit:name>drivers/ntp_client_v1_0/src/ntp_client.h</spirit:name>
        <spirit:fileType>cSource</spirit:fileType>
        <spirit:userFileType>driver_src</spirit:userFileType>
      </spirit:file>
      <spirit:file>
        <spirit:name>drivers/ntp_client_v1_0/src/ntp_client.c</spirit:name>
        <spirit:fileType>cSource</spirit:fileType>
        <spirit:userFileType>driver_src</spirit:userFileType>
      </spirit:file>
      <spirit:file>
        <spirit:name>drivers/ntp_client_v1_0/src/ntp_client_selftest.c</spirit:name>
        <spirit:fileType>cSource</spirit:fileType>
        <spirit:userFileType>driver_src</spirit:userFileType>
      </spirit:file>
    </spirit:fileSet>
    <spirit:fileSet>
      <spirit:name>xilinx_xpgui_view_fileset</spirit:name>
      <spirit:file>
        <spirit:name>xgui/ntp_client_v1_0.tcl</spirit:name>
        <spirit:fileType>tclSource</spirit:fileType>
        <spirit:userFileType>CHECKSUM_cfa2a1bc</spirit:userFileType>
        <spirit:userFileType>XGUI_VERSION_2</spirit:userFileType>
      </spirit:file>
    </spirit:fileSet>
    <spirit:fileSet>
      <spirit:name>bd_tcl_view_fileset</spirit:name>
      <spirit:file>
        <spirit:name>bd/bd.tcl</spirit:name>
        <spirit:fileType>tclSource</spirit:fileType>
      </spirit:file>
    </spirit:fileSet>
  </spirit:fileSets>
  <spirit:description>NTP Client AXIS IP</spirit:description>
  <spirit:parameters>
    <spirit:parameter>
      <spirit:name>C_S00_AXI_BASEADDR</spirit:name>
      <spirit:displayName>C S00 AXI BASEADDR</spirit:displayName>
      <spirit:value spirit:format="bitString" spirit:resolve="user" spirit:id="PARAM_VALUE.C_S00_AXI_BASEADDR" spirit:order="6" spirit:bitStringLength="32">0xFFFFFFFF</spirit:value>
      <spirit:vendorExtensions>
        <xilinx:parameterInfo>
          <xilinx:enablement>
            <xilinx:isEnabled xilinx:id="PARAM_ENABLEMENT.C_S00_AXI_BASEADDR">false</xilinx:isEnabled>
          </xilinx:enablement>
        </xilinx:parameterInfo>
      </spirit:vendorExtensions>
    </spirit:parameter>
    <spirit:parameter>
      <spirit:name>C_S00_AXI_HIGHADDR</spirit:name>
      <spirit:displayName>C S00 AXI HIGHADDR</spirit:displayName>
      <spirit:value spirit:format="bitString" spirit:resolve="user" spirit:id="PARAM_VALUE.C_S00_AXI_HIGHADDR" spirit:order="7" spirit:bitStringLength="32">0x00000000</spirit:value>
      <spirit:vendorExtensions>
        <xilinx:parameterInfo>
          <xilinx:enablement>
            <xilinx:isEnabled xilinx:id="PARAM_ENABLEMENT.C_S00_AXI_HIGHADDR">false</xilinx:isEnabled>
          </xilinx:enablement>
        </xilinx:parameterInfo>
      </spirit:vendorExtensions>
    </spirit:parameter>
    <spirit:parameter>
      <spirit:name>Component_Name</spirit:name>
      <spirit:value spirit:resolve="user" spirit:id="PARAM_VALUE.Component_Name" spirit:order="1">ntp_client_v1_0</spirit:value>
    </spirit:parameter>
    <spirit:parameter>
      <spirit:name>g_SIMULATION</spirit:name>
      <spirit:displayName>G Simulation</spirit:displayName>
      <spirit:value spirit:format="bool" spirit:resolve="user" spirit:id="PARAM_VALUE.g_SIMULATION">false</spirit:value>
    </spirit:parameter>
    <spirit:parameter>
      <spirit:name>g_DST_MAC</spirit:name>
      <spirit:displayName>G Dst Mac</spirit:displayName>
      <spirit:value spirit:format="bitString" spirit:resolve="user" spirit:id="PARAM_VALUE.g_DST_MAC" spirit:bitStringLength="48">0x9021061C8918</spirit:value>
    </spirit:parameter>
    <spirit:parameter>
      <spirit:name>g_SRC_MAC</spirit:name>
      <spirit:displayName>G Src Mac</spirit:displayName>
      <spirit:value spirit:format="bitString" spirit:resolve="user" spirit:id="PARAM_VALUE.g_SRC_MAC" spirit:bitStringLength="48">0x00183E0238DB</spirit:value>
    </spirit:parameter>
    <spirit:parameter>
      <spirit:name>g_IP_SRC</spirit:name>
      <spirit:displayName>G Ip Src</spirit:displayName>
      <spirit:value spirit:format="bitString" spirit:resolve="user" spirit:id="PARAM_VALUE.g_IP_SRC" spirit:bitStringLength="32">0xC0A80065</spirit:value>
    </spirit:parameter>
    <spirit:parameter>
      <spirit:name>g_IP_DST</spirit:name>
      <spirit:displayName>G Ip Dst</spirit:displayName>
      <spirit:value spirit:format="bitString" spirit:resolve="user" spirit:id="PARAM_VALUE.g_IP_DST" spirit:bitStringLength="32">0x8B8F051E</spirit:value>
    </spirit:parameter>
    <spirit:parameter>
      <spirit:name>GMT_OFFSET</spirit:name>
      <spirit:displayName>Gmt Offset</spirit:displayName>
      <spirit:value spirit:format="long" spirit:resolve="user" spirit:id="PARAM_VALUE.GMT_OFFSET">3600</spirit:value>
    </spirit:parameter>
  </spirit:parameters>
  <spirit:vendorExtensions>
    <xilinx:coreExtensions>
      <xilinx:supportedFamilies>
        <xilinx:family xilinx:lifeCycle="Pre-Production">zynq</xilinx:family>
      </xilinx:supportedFamilies>
      <xilinx:taxonomies>
        <xilinx:taxonomy>AXI_Peripheral</xilinx:taxonomy>
      </xilinx:taxonomies>
      <xilinx:displayName>ntp_client_v1.0</xilinx:displayName>
      <xilinx:coreRevision>2</xilinx:coreRevision>
      <xilinx:coreCreationDateTime>2019-10-13T20:19:13Z</xilinx:coreCreationDateTime>
      <xilinx:tags>
        <xilinx:tag xilinx:name="ui.data.coregen.dd@38b93a0e_ARCHIVE_LOCATION">/home/thanx/HDL-Workspace/Xilinx_SDK_Workspace/MyAudio/CantaviStreamer6-single/ip-repo/ntp_client_1.0</xilinx:tag>
        <xilinx:tag xilinx:name="ui.data.coregen.dd@38d1b648_ARCHIVE_LOCATION">/home/thanx/HDL-Workspace/Xilinx_SDK_Workspace/MyAudio/CantaviStreamer6-single/ip-repo/ntp_client_1.0</xilinx:tag>
        <xilinx:tag xilinx:name="ui.data.coregen.dd@f10d5_ARCHIVE_LOCATION">/home/thanx/HDL-Workspace/Xilinx_SDK_Workspace/MyAudio/CantaviStreamer6-single/ip-repo/ntp_client_1.0</xilinx:tag>
        <xilinx:tag xilinx:name="ui.data.coregen.dd@effbba6_ARCHIVE_LOCATION">/home/thanx/HDL-Workspace/Xilinx_SDK_Workspace/MyAudio/CantaviStreamer6-single/ip-repo/ntp_client_1.0</xilinx:tag>
        <xilinx:tag xilinx:name="ui.data.coregen.dd@45462a6e_ARCHIVE_LOCATION">/home/thanx/HDL-Workspace/Xilinx_SDK_Workspace/MyAudio/CantaviStreamer6-single/ip-repo/ntp_client_1.0</xilinx:tag>
        <xilinx:tag xilinx:name="ui.data.coregen.dd@4e410268_ARCHIVE_LOCATION">/home/thanx/HDL-Workspace/Xilinx_SDK_Workspace/MyAudio/CantaviStreamer6-single/ip-repo/ntp_client_1.0</xilinx:tag>
        <xilinx:tag xilinx:name="ui.data.coregen.dd@7adacd94_ARCHIVE_LOCATION">/home/thanx/HDL-Workspace/Xilinx_SDK_Workspace/MyAudio/CantaviStreamer6-single/ip-repo/ntp_client_1.0</xilinx:tag>
        <xilinx:tag xilinx:name="ui.data.coregen.dd@6d860cfc_ARCHIVE_LOCATION">/home/thanx/HDL-Workspace/Xilinx_SDK_Workspace/MyAudio/CantaviStreamer6-single/ip-repo/ntp_client_1.0</xilinx:tag>
        <xilinx:tag xilinx:name="ui.data.coregen.dd@2d4ed3b0_ARCHIVE_LOCATION">/home/thanx/HDL-Workspace/Xilinx_SDK_Workspace/MyAudio/CantaviStreamer6-single/ip-repo/ntp_client_1.0</xilinx:tag>
        <xilinx:tag xilinx:name="ui.data.coregen.dd@7dcb2b6c_ARCHIVE_LOCATION">/home/thanx/HDL-Workspace/Xilinx_SDK_Workspace/MyAudio/CantaviStreamer6-single/ip-repo/ntp_client_1.0</xilinx:tag>
        <xilinx:tag xilinx:name="ui.data.coregen.dd@1f1ce286_ARCHIVE_LOCATION">/home/thanx/HDL-Workspace/Xilinx_SDK_Workspace/MyAudio/CantaviStreamer6-single/ip-repo/ntp_client_1.0</xilinx:tag>
        <xilinx:tag xilinx:name="ui.data.coregen.dd@5c156a7b_ARCHIVE_LOCATION">/home/thanx/HDL-Workspace/Xilinx_SDK_Workspace/MyAudio/CantaviStreamer6-single/ip-repo/ntp_client_1.0</xilinx:tag>
        <xilinx:tag xilinx:name="ui.data.coregen.dd@5e35f142_ARCHIVE_LOCATION">/home/thanx/HDL-Workspace/Xilinx_SDK_Workspace/MyAudio/CantaviStreamer6-single/ip-repo/ntp_client_1.0</xilinx:tag>
        <xilinx:tag xilinx:name="ui.data.coregen.dd@7e9e9b4c_ARCHIVE_LOCATION">/home/thanx/HDL-Workspace/Xilinx_SDK_Workspace/MyAudio/CantaviStreamer6-single/ip-repo/ntp_client_1.0</xilinx:tag>
        <xilinx:tag xilinx:name="ui.data.coregen.dd@29bdf401_ARCHIVE_LOCATION">/home/thanx/HDL-Workspace/Xilinx_SDK_Workspace/MyAudio/CantaviStreamer6-single/ip-repo/ntp_client_1.0</xilinx:tag>
        <xilinx:tag xilinx:name="ui.data.coregen.dd@177f9458_ARCHIVE_LOCATION">/home/thanx/HDL-Workspace/Xilinx_SDK_Workspace/MyAudio/CantaviStreamer6-single/ip-repo/ntp_client_1.0</xilinx:tag>
        <xilinx:tag xilinx:name="ui.data.coregen.dd@238be015_ARCHIVE_LOCATION">/home/thanx/HDL-Workspace/Xilinx_SDK_Workspace/MyAudio/CantaviStreamer6-single/ip-repo/ntp_client_1.0</xilinx:tag>
        <xilinx:tag xilinx:name="ui.data.coregen.dd@17ca28bb_ARCHIVE_LOCATION">/home/thanx/HDL-Workspace/Xilinx_SDK_Workspace/MyAudio/CantaviStreamer6-single/ip-repo/ntp_client_1.0</xilinx:tag>
        <xilinx:tag xilinx:name="ui.data.coregen.dd@2f0fe5ff_ARCHIVE_LOCATION">/home/thanx/HDL-Workspace/Xilinx_SDK_Workspace/MyAudio/CantaviStreamer6-single/ip-repo/ntp_client_1.0</xilinx:tag>
        <xilinx:tag xilinx:name="ui.data.coregen.dd@bcd44f5_ARCHIVE_LOCATION">/home/thanx/HDL-Workspace/Xilinx_SDK_Workspace/MyAudio/CantaviStreamer6-single/ip-repo/ntp_client_1.0</xilinx:tag>
        <xilinx:tag xilinx:name="ui.data.coregen.dd@afe76e6_ARCHIVE_LOCATION">/home/thanx/HDL-Workspace/Xilinx_SDK_Workspace/MyAudio/CantaviStreamer6-single/ip-repo/ntp_client_1.0</xilinx:tag>
        <xilinx:tag xilinx:name="ui.data.coregen.dd@70db5790_ARCHIVE_LOCATION">/home/thanx/HDL-Workspace/Xilinx_SDK_Workspace/MyAudio/CantaviStreamer6-single/ip-repo/ntp_client_1.0</xilinx:tag>
        <xilinx:tag xilinx:name="ui.data.coregen.dd@425e9047_ARCHIVE_LOCATION">/home/thanx/HDL-Workspace/Xilinx_SDK_Workspace/MyAudio/CantaviStreamer6-single/ip-repo/ntp_client_1.0</xilinx:tag>
        <xilinx:tag xilinx:name="ui.data.coregen.dd@13fc2efb_ARCHIVE_LOCATION">/home/thanx/HDL-Workspace/Xilinx_SDK_Workspace/MyAudio/CantaviStreamer6-single/ip-repo/ntp_client_1.0</xilinx:tag>
        <xilinx:tag xilinx:name="ui.data.coregen.dd@1823d5a_ARCHIVE_LOCATION">/home/thanx/HDL-Workspace/Xilinx_SDK_Workspace/MyAudio/CantaviStreamer6-single/ip-repo/ntp_client_1.0</xilinx:tag>
        <xilinx:tag xilinx:name="ui.data.coregen.dd@46587ed6_ARCHIVE_LOCATION">/home/thanx/HDL-Workspace/Xilinx_SDK_Workspace/MyAudio/CantaviStreamer6-single/ip-repo/ntp_client_1.0</xilinx:tag>
        <xilinx:tag xilinx:name="ui.data.coregen.dd@13687588_ARCHIVE_LOCATION">/home/thanx/HDL-Workspace/Xilinx_SDK_Workspace/MyAudio/CantaviStreamer6-single/ip-repo/ntp_client_1.0</xilinx:tag>
        <xilinx:tag xilinx:name="ui.data.coregen.dd@12ebbccd_ARCHIVE_LOCATION">/home/thanx/HDL-Workspace/Xilinx_SDK_Workspace/MyAudio/CantaviStreamer6-single/ip-repo/ntp_client_1.0</xilinx:tag>
        <xilinx:tag xilinx:name="ui.data.coregen.dd@2437be30_ARCHIVE_LOCATION">/home/thanx/HDL-Workspace/Xilinx_SDK_Workspace/MyAudio/CantaviStreamer6-single/ip-repo/ntp_client_1.0</xilinx:tag>
        <xilinx:tag xilinx:name="ui.data.coregen.dd@1418fa83_ARCHIVE_LOCATION">/home/thanx/HDL-Workspace/Xilinx_SDK_Workspace/MyAudio/CantaviStreamer6-single/ip-repo/ntp_client_1.0</xilinx:tag>
      </xilinx:tags>
    </xilinx:coreExtensions>
    <xilinx:packagingInfo>
      <xilinx:xilinxVersion>2018.3</xilinx:xilinxVersion>
      <xilinx:checksum xilinx:scope="busInterfaces" xilinx:value="eda047d6"/>
      <xilinx:checksum xilinx:scope="memoryMaps" xilinx:value="ed1368d5"/>
      <xilinx:checksum xilinx:scope="fileGroups" xilinx:value="f7cf2b03"/>
      <xilinx:checksum xilinx:scope="ports" xilinx:value="b61e37cb"/>
      <xilinx:checksum xilinx:scope="hdlParameters" xilinx:value="02e266bc"/>
      <xilinx:checksum xilinx:scope="parameters" xilinx:value="a8f5194d"/>
    </xilinx:packagingInfo>
  </spirit:vendorExtensions>
</spirit:component>
