<?xml version="1.0" encoding="UTF-8"?>
<spirit:component xmlns:xilinx="http://www.xilinx.com" xmlns:spirit="http://www.spiritconsortium.org/XMLSchema/SPIRIT/1685-2009" xmlns:xsi="http://www.w3.org/2001/XMLSchema-instance">
  <spirit:vendor>user.org</spirit:vendor>
  <spirit:library>user</spirit:library>
  <spirit:name>mixer_ip</spirit:name>
  <spirit:version>1.0</spirit:version>
  <spirit:busInterfaces>
    <spirit:busInterface>
      <spirit:name>ARESETN</spirit:name>
      <spirit:busType spirit:vendor="xilinx.com" spirit:library="signal" spirit:name="reset" spirit:version="1.0"/>
      <spirit:abstractionType spirit:vendor="xilinx.com" spirit:library="signal" spirit:name="reset_rtl" spirit:version="1.0"/>
      <spirit:slave/>
      <spirit:portMaps>
        <spirit:portMap>
          <spirit:logicalPort>
            <spirit:name>RST</spirit:name>
          </spirit:logicalPort>
          <spirit:physicalPort>
            <spirit:name>ARESETN</spirit:name>
          </spirit:physicalPort>
        </spirit:portMap>
      </spirit:portMaps>
      <spirit:parameters>
        <spirit:parameter>
          <spirit:name>POLARITY</spirit:name>
          <spirit:value spirit:id="BUSIFPARAM_VALUE.ARESETN.POLARITY" spirit:choiceRef="choice_list_74b5137e">ACTIVE_LOW</spirit:value>
        </spirit:parameter>
      </spirit:parameters>
    </spirit:busInterface>
    <spirit:busInterface>
      <spirit:name>CH_1_S_AXIS_ARESETN</spirit:name>
      <spirit:busType spirit:vendor="xilinx.com" spirit:library="signal" spirit:name="reset" spirit:version="1.0"/>
      <spirit:abstractionType spirit:vendor="xilinx.com" spirit:library="signal" spirit:name="reset_rtl" spirit:version="1.0"/>
      <spirit:slave/>
      <spirit:portMaps>
        <spirit:portMap>
          <spirit:logicalPort>
            <spirit:name>RST</spirit:name>
          </spirit:logicalPort>
          <spirit:physicalPort>
            <spirit:name>CH_1_S_AXIS_ARESETN</spirit:name>
          </spirit:physicalPort>
        </spirit:portMap>
      </spirit:portMaps>
      <spirit:parameters>
        <spirit:parameter>
          <spirit:name>POLARITY</spirit:name>
          <spirit:value spirit:id="BUSIFPARAM_VALUE.CH_1_S_AXIS_ARESETN.POLARITY" spirit:choiceRef="choice_list_74b5137e">ACTIVE_LOW</spirit:value>
        </spirit:parameter>
      </spirit:parameters>
    </spirit:busInterface>
    <spirit:busInterface>
      <spirit:name>CH_2_S_AXIS_ARESETN</spirit:name>
      <spirit:busType spirit:vendor="xilinx.com" spirit:library="signal" spirit:name="reset" spirit:version="1.0"/>
      <spirit:abstractionType spirit:vendor="xilinx.com" spirit:library="signal" spirit:name="reset_rtl" spirit:version="1.0"/>
      <spirit:slave/>
      <spirit:portMaps>
        <spirit:portMap>
          <spirit:logicalPort>
            <spirit:name>RST</spirit:name>
          </spirit:logicalPort>
          <spirit:physicalPort>
            <spirit:name>CH_2_S_AXIS_ARESETN</spirit:name>
          </spirit:physicalPort>
        </spirit:portMap>
      </spirit:portMaps>
      <spirit:parameters>
        <spirit:parameter>
          <spirit:name>POLARITY</spirit:name>
          <spirit:value spirit:id="BUSIFPARAM_VALUE.CH_2_S_AXIS_ARESETN.POLARITY" spirit:choiceRef="choice_list_74b5137e">ACTIVE_LOW</spirit:value>
        </spirit:parameter>
      </spirit:parameters>
    </spirit:busInterface>
    <spirit:busInterface>
      <spirit:name>ACLK</spirit:name>
      <spirit:busType spirit:vendor="xilinx.com" spirit:library="signal" spirit:name="clock" spirit:version="1.0"/>
      <spirit:abstractionType spirit:vendor="xilinx.com" spirit:library="signal" spirit:name="clock_rtl" spirit:version="1.0"/>
      <spirit:slave/>
      <spirit:portMaps>
        <spirit:portMap>
          <spirit:logicalPort>
            <spirit:name>CLK</spirit:name>
          </spirit:logicalPort>
          <spirit:physicalPort>
            <spirit:name>ACLK</spirit:name>
          </spirit:physicalPort>
        </spirit:portMap>
      </spirit:portMaps>
      <spirit:parameters>
        <spirit:parameter>
          <spirit:name>ASSOCIATED_RESET</spirit:name>
          <spirit:value spirit:id="BUSIFPARAM_VALUE.ACLK.ASSOCIATED_RESET">ARESETN</spirit:value>
        </spirit:parameter>
        <spirit:parameter>
          <spirit:name>ASSOCIATED_BUSIF</spirit:name>
          <spirit:value spirit:id="BUSIFPARAM_VALUE.ACLK.ASSOCIATED_BUSIF">CH_1_S_AXIS:CH_2_S_AXIS:M_AXIS</spirit:value>
        </spirit:parameter>
      </spirit:parameters>
    </spirit:busInterface>
    <spirit:busInterface>
      <spirit:name>CH_1_S_AXIS_ACLK</spirit:name>
      <spirit:busType spirit:vendor="xilinx.com" spirit:library="signal" spirit:name="clock" spirit:version="1.0"/>
      <spirit:abstractionType spirit:vendor="xilinx.com" spirit:library="signal" spirit:name="clock_rtl" spirit:version="1.0"/>
      <spirit:slave/>
      <spirit:portMaps>
        <spirit:portMap>
          <spirit:logicalPort>
            <spirit:name>CLK</spirit:name>
          </spirit:logicalPort>
          <spirit:physicalPort>
            <spirit:name>CH_1_S_AXIS_ACLK</spirit:name>
          </spirit:physicalPort>
        </spirit:portMap>
      </spirit:portMaps>
      <spirit:parameters>
        <spirit:parameter>
          <spirit:name>ASSOCIATED_RESET</spirit:name>
          <spirit:value spirit:id="BUSIFPARAM_VALUE.CH_1_S_AXIS_ACLK.ASSOCIATED_RESET">CH_1_S_AXIS_ARESETN</spirit:value>
        </spirit:parameter>
        <spirit:parameter>
          <spirit:name>ASSOCIATED_BUSIF</spirit:name>
          <spirit:value spirit:id="BUSIFPARAM_VALUE.CH_1_S_AXIS_ACLK.ASSOCIATED_BUSIF">CH_1_S_AXIS</spirit:value>
        </spirit:parameter>
      </spirit:parameters>
    </spirit:busInterface>
    <spirit:busInterface>
      <spirit:name>CH_2_S_AXIS_ACLK</spirit:name>
      <spirit:busType spirit:vendor="xilinx.com" spirit:library="signal" spirit:name="clock" spirit:version="1.0"/>
      <spirit:abstractionType spirit:vendor="xilinx.com" spirit:library="signal" spirit:name="clock_rtl" spirit:version="1.0"/>
      <spirit:slave/>
      <spirit:portMaps>
        <spirit:portMap>
          <spirit:logicalPort>
            <spirit:name>CLK</spirit:name>
          </spirit:logicalPort>
          <spirit:physicalPort>
            <spirit:name>CH_2_S_AXIS_ACLK</spirit:name>
          </spirit:physicalPort>
        </spirit:portMap>
      </spirit:portMaps>
      <spirit:parameters>
        <spirit:parameter>
          <spirit:name>ASSOCIATED_RESET</spirit:name>
          <spirit:value spirit:id="BUSIFPARAM_VALUE.CH_2_S_AXIS_ACLK.ASSOCIATED_RESET">CH_2_S_AXIS_ARESETN</spirit:value>
        </spirit:parameter>
        <spirit:parameter>
          <spirit:name>ASSOCIATED_BUSIF</spirit:name>
          <spirit:value spirit:id="BUSIFPARAM_VALUE.CH_2_S_AXIS_ACLK.ASSOCIATED_BUSIF">CH_2_S_AXIS</spirit:value>
        </spirit:parameter>
      </spirit:parameters>
    </spirit:busInterface>
    <spirit:busInterface>
      <spirit:name>CH_1_S_AXIS</spirit:name>
      <spirit:busType spirit:vendor="xilinx.com" spirit:library="interface" spirit:name="axis" spirit:version="1.0"/>
      <spirit:abstractionType spirit:vendor="xilinx.com" spirit:library="interface" spirit:name="axis_rtl" spirit:version="1.0"/>
      <spirit:slave/>
      <spirit:portMaps>
        <spirit:portMap>
          <spirit:logicalPort>
            <spirit:name>TDATA</spirit:name>
          </spirit:logicalPort>
          <spirit:physicalPort>
            <spirit:name>CH_1_S_AXIS_TDATA</spirit:name>
          </spirit:physicalPort>
        </spirit:portMap>
        <spirit:portMap>
          <spirit:logicalPort>
            <spirit:name>TLAST</spirit:name>
          </spirit:logicalPort>
          <spirit:physicalPort>
            <spirit:name>CH_1_S_AXIS_TLAST</spirit:name>
          </spirit:physicalPort>
        </spirit:portMap>
        <spirit:portMap>
          <spirit:logicalPort>
            <spirit:name>TVALID</spirit:name>
          </spirit:logicalPort>
          <spirit:physicalPort>
            <spirit:name>CH_1_S_AXIS_TVALID</spirit:name>
          </spirit:physicalPort>
        </spirit:portMap>
        <spirit:portMap>
          <spirit:logicalPort>
            <spirit:name>TREADY</spirit:name>
          </spirit:logicalPort>
          <spirit:physicalPort>
            <spirit:name>CH_1_S_AXIS_TREADY</spirit:name>
          </spirit:physicalPort>
        </spirit:portMap>
      </spirit:portMaps>
    </spirit:busInterface>
    <spirit:busInterface>
      <spirit:name>CH_2_S_AXIS</spirit:name>
      <spirit:busType spirit:vendor="xilinx.com" spirit:library="interface" spirit:name="axis" spirit:version="1.0"/>
      <spirit:abstractionType spirit:vendor="xilinx.com" spirit:library="interface" spirit:name="axis_rtl" spirit:version="1.0"/>
      <spirit:slave/>
      <spirit:portMaps>
        <spirit:portMap>
          <spirit:logicalPort>
            <spirit:name>TDATA</spirit:name>
          </spirit:logicalPort>
          <spirit:physicalPort>
            <spirit:name>CH_2_S_AXIS_TDATA</spirit:name>
          </spirit:physicalPort>
        </spirit:portMap>
        <spirit:portMap>
          <spirit:logicalPort>
            <spirit:name>TLAST</spirit:name>
          </spirit:logicalPort>
          <spirit:physicalPort>
            <spirit:name>CH_2_S_AXIS_TLAST</spirit:name>
          </spirit:physicalPort>
        </spirit:portMap>
        <spirit:portMap>
          <spirit:logicalPort>
            <spirit:name>TVALID</spirit:name>
          </spirit:logicalPort>
          <spirit:physicalPort>
            <spirit:name>CH_2_S_AXIS_TVALID</spirit:name>
          </spirit:physicalPort>
        </spirit:portMap>
        <spirit:portMap>
          <spirit:logicalPort>
            <spirit:name>TREADY</spirit:name>
          </spirit:logicalPort>
          <spirit:physicalPort>
            <spirit:name>CH_2_S_AXIS_TREADY</spirit:name>
          </spirit:physicalPort>
        </spirit:portMap>
      </spirit:portMaps>
    </spirit:busInterface>
    <spirit:busInterface>
      <spirit:name>M_AXIS</spirit:name>
      <spirit:busType spirit:vendor="xilinx.com" spirit:library="interface" spirit:name="axis" spirit:version="1.0"/>
      <spirit:abstractionType spirit:vendor="xilinx.com" spirit:library="interface" spirit:name="axis_rtl" spirit:version="1.0"/>
      <spirit:master/>
      <spirit:portMaps>
        <spirit:portMap>
          <spirit:logicalPort>
            <spirit:name>TDATA</spirit:name>
          </spirit:logicalPort>
          <spirit:physicalPort>
            <spirit:name>M_AXIS_TDATA</spirit:name>
          </spirit:physicalPort>
        </spirit:portMap>
        <spirit:portMap>
          <spirit:logicalPort>
            <spirit:name>TLAST</spirit:name>
          </spirit:logicalPort>
          <spirit:physicalPort>
            <spirit:name>M_AXIS_TLAST</spirit:name>
          </spirit:physicalPort>
        </spirit:portMap>
        <spirit:portMap>
          <spirit:logicalPort>
            <spirit:name>TVALID</spirit:name>
          </spirit:logicalPort>
          <spirit:physicalPort>
            <spirit:name>M_AXIS_TVALID</spirit:name>
          </spirit:physicalPort>
        </spirit:portMap>
        <spirit:portMap>
          <spirit:logicalPort>
            <spirit:name>TREADY</spirit:name>
          </spirit:logicalPort>
          <spirit:physicalPort>
            <spirit:name>M_AXIS_TREADY</spirit:name>
          </spirit:physicalPort>
        </spirit:portMap>
      </spirit:portMaps>
    </spirit:busInterface>
  </spirit:busInterfaces>
  <spirit:model>
    <spirit:views>
      <spirit:view>
        <spirit:name>xilinx_anylanguagesynthesis</spirit:name>
        <spirit:displayName>Synthesis</spirit:displayName>
        <spirit:envIdentifier>:vivado.xilinx.com:synthesis</spirit:envIdentifier>
        <spirit:language>VHDL</spirit:language>
        <spirit:modelName>mixer</spirit:modelName>
        <spirit:fileSetRef>
          <spirit:localName>xilinx_anylanguagesynthesis_view_fileset</spirit:localName>
        </spirit:fileSetRef>
        <spirit:parameters>
          <spirit:parameter>
            <spirit:name>viewChecksum</spirit:name>
            <spirit:value>725de321</spirit:value>
          </spirit:parameter>
        </spirit:parameters>
      </spirit:view>
      <spirit:view>
        <spirit:name>xilinx_anylanguagebehavioralsimulation</spirit:name>
        <spirit:displayName>Simulation</spirit:displayName>
        <spirit:envIdentifier>:vivado.xilinx.com:simulation</spirit:envIdentifier>
        <spirit:language>VERILOG</spirit:language>
        <spirit:modelName>mixer</spirit:modelName>
        <spirit:fileSetRef>
          <spirit:localName>xilinx_anylanguagebehavioralsimulation_view_fileset</spirit:localName>
        </spirit:fileSetRef>
        <spirit:parameters>
          <spirit:parameter>
            <spirit:name>viewChecksum</spirit:name>
            <spirit:value>725de321</spirit:value>
          </spirit:parameter>
        </spirit:parameters>
      </spirit:view>
      <spirit:view>
        <spirit:name>xilinx_xpgui</spirit:name>
        <spirit:displayName>UI Layout</spirit:displayName>
        <spirit:envIdentifier>:vivado.xilinx.com:xgui.ui</spirit:envIdentifier>
        <spirit:fileSetRef>
          <spirit:localName>xilinx_xpgui_view_fileset</spirit:localName>
        </spirit:fileSetRef>
        <spirit:parameters>
          <spirit:parameter>
            <spirit:name>viewChecksum</spirit:name>
            <spirit:value>a7138e57</spirit:value>
          </spirit:parameter>
        </spirit:parameters>
      </spirit:view>
    </spirit:views>
    <spirit:ports>
      <spirit:port>
        <spirit:name>ACLK</spirit:name>
        <spirit:wire>
          <spirit:direction>in</spirit:direction>
          <spirit:wireTypeDefs>
            <spirit:wireTypeDef>
              <spirit:typeName>std_logic</spirit:typeName>
              <spirit:viewNameRef>xilinx_anylanguagesynthesis</spirit:viewNameRef>
              <spirit:viewNameRef>xilinx_anylanguagebehavioralsimulation</spirit:viewNameRef>
            </spirit:wireTypeDef>
          </spirit:wireTypeDefs>
        </spirit:wire>
      </spirit:port>
      <spirit:port>
        <spirit:name>ARESETN</spirit:name>
        <spirit:wire>
          <spirit:direction>in</spirit:direction>
          <spirit:wireTypeDefs>
            <spirit:wireTypeDef>
              <spirit:typeName>std_logic</spirit:typeName>
              <spirit:viewNameRef>xilinx_anylanguagesynthesis</spirit:viewNameRef>
              <spirit:viewNameRef>xilinx_anylanguagebehavioralsimulation</spirit:viewNameRef>
            </spirit:wireTypeDef>
          </spirit:wireTypeDefs>
        </spirit:wire>
      </spirit:port>
      <spirit:port>
        <spirit:name>M_AXIS_TREADY</spirit:name>
        <spirit:wire>
          <spirit:direction>in</spirit:direction>
          <spirit:wireTypeDefs>
            <spirit:wireTypeDef>
              <spirit:typeName>std_logic</spirit:typeName>
              <spirit:viewNameRef>xilinx_anylanguagesynthesis</spirit:viewNameRef>
              <spirit:viewNameRef>xilinx_anylanguagebehavioralsimulation</spirit:viewNameRef>
            </spirit:wireTypeDef>
          </spirit:wireTypeDefs>
          <spirit:driver>
            <spirit:defaultValue spirit:format="long">1</spirit:defaultValue>
          </spirit:driver>
        </spirit:wire>
      </spirit:port>
      <spirit:port>
        <spirit:name>M_AXIS_TVALID</spirit:name>
        <spirit:wire>
          <spirit:direction>out</spirit:direction>
          <spirit:wireTypeDefs>
            <spirit:wireTypeDef>
              <spirit:typeName>reg</spirit:typeName>
              <spirit:viewNameRef>xilinx_anylanguagesynthesis</spirit:viewNameRef>
              <spirit:viewNameRef>xilinx_anylanguagebehavioralsimulation</spirit:viewNameRef>
            </spirit:wireTypeDef>
          </spirit:wireTypeDefs>
        </spirit:wire>
      </spirit:port>
      <spirit:port>
        <spirit:name>M_AXIS_TLAST</spirit:name>
        <spirit:wire>
          <spirit:direction>out</spirit:direction>
          <spirit:wireTypeDefs>
            <spirit:wireTypeDef>
              <spirit:typeName>reg</spirit:typeName>
              <spirit:viewNameRef>xilinx_anylanguagesynthesis</spirit:viewNameRef>
              <spirit:viewNameRef>xilinx_anylanguagebehavioralsimulation</spirit:viewNameRef>
            </spirit:wireTypeDef>
          </spirit:wireTypeDefs>
        </spirit:wire>
      </spirit:port>
      <spirit:port>
        <spirit:name>M_AXIS_TDATA</spirit:name>
        <spirit:wire>
          <spirit:direction>out</spirit:direction>
          <spirit:vector>
            <spirit:left spirit:format="long" spirit:resolve="dependent" spirit:dependency="(spirit:decode(id(&apos;MODELPARAM_VALUE.DATA_WIDTH&apos;)) - 1)">31</spirit:left>
            <spirit:right spirit:format="long">0</spirit:right>
          </spirit:vector>
          <spirit:wireTypeDefs>
            <spirit:wireTypeDef>
              <spirit:typeName>reg</spirit:typeName>
              <spirit:viewNameRef>xilinx_anylanguagesynthesis</spirit:viewNameRef>
              <spirit:viewNameRef>xilinx_anylanguagebehavioralsimulation</spirit:viewNameRef>
            </spirit:wireTypeDef>
          </spirit:wireTypeDefs>
        </spirit:wire>
      </spirit:port>
      <spirit:port>
        <spirit:name>CH_1_S_AXIS_ACLK</spirit:name>
        <spirit:wire>
          <spirit:direction>in</spirit:direction>
          <spirit:wireTypeDefs>
            <spirit:wireTypeDef>
              <spirit:typeName>std_logic</spirit:typeName>
              <spirit:viewNameRef>xilinx_anylanguagesynthesis</spirit:viewNameRef>
              <spirit:viewNameRef>xilinx_anylanguagebehavioralsimulation</spirit:viewNameRef>
            </spirit:wireTypeDef>
          </spirit:wireTypeDefs>
        </spirit:wire>
      </spirit:port>
      <spirit:port>
        <spirit:name>CH_1_S_AXIS_ARESETN</spirit:name>
        <spirit:wire>
          <spirit:direction>in</spirit:direction>
          <spirit:wireTypeDefs>
            <spirit:wireTypeDef>
              <spirit:typeName>std_logic</spirit:typeName>
              <spirit:viewNameRef>xilinx_anylanguagesynthesis</spirit:viewNameRef>
              <spirit:viewNameRef>xilinx_anylanguagebehavioralsimulation</spirit:viewNameRef>
            </spirit:wireTypeDef>
          </spirit:wireTypeDefs>
        </spirit:wire>
      </spirit:port>
      <spirit:port>
        <spirit:name>CH_1_S_AXIS_TVALID</spirit:name>
        <spirit:wire>
          <spirit:direction>in</spirit:direction>
          <spirit:wireTypeDefs>
            <spirit:wireTypeDef>
              <spirit:typeName>std_logic</spirit:typeName>
              <spirit:viewNameRef>xilinx_anylanguagesynthesis</spirit:viewNameRef>
              <spirit:viewNameRef>xilinx_anylanguagebehavioralsimulation</spirit:viewNameRef>
            </spirit:wireTypeDef>
          </spirit:wireTypeDefs>
        </spirit:wire>
      </spirit:port>
      <spirit:port>
        <spirit:name>CH_1_S_AXIS_TDATA</spirit:name>
        <spirit:wire>
          <spirit:direction>in</spirit:direction>
          <spirit:vector>
            <spirit:left spirit:format="long" spirit:resolve="dependent" spirit:dependency="(spirit:decode(id(&apos;MODELPARAM_VALUE.DATA_WIDTH&apos;)) - 1)">31</spirit:left>
            <spirit:right spirit:format="long">0</spirit:right>
          </spirit:vector>
          <spirit:wireTypeDefs>
            <spirit:wireTypeDef>
              <spirit:typeName>std_logic_vector</spirit:typeName>
              <spirit:viewNameRef>xilinx_anylanguagesynthesis</spirit:viewNameRef>
              <spirit:viewNameRef>xilinx_anylanguagebehavioralsimulation</spirit:viewNameRef>
            </spirit:wireTypeDef>
          </spirit:wireTypeDefs>
          <spirit:driver>
            <spirit:defaultValue spirit:format="long">0</spirit:defaultValue>
          </spirit:driver>
        </spirit:wire>
      </spirit:port>
      <spirit:port>
        <spirit:name>CH_1_S_AXIS_TLAST</spirit:name>
        <spirit:wire>
          <spirit:direction>in</spirit:direction>
          <spirit:wireTypeDefs>
            <spirit:wireTypeDef>
              <spirit:typeName>std_logic</spirit:typeName>
              <spirit:viewNameRef>xilinx_anylanguagesynthesis</spirit:viewNameRef>
              <spirit:viewNameRef>xilinx_anylanguagebehavioralsimulation</spirit:viewNameRef>
            </spirit:wireTypeDef>
          </spirit:wireTypeDefs>
          <spirit:driver>
            <spirit:defaultValue spirit:format="long">0</spirit:defaultValue>
          </spirit:driver>
        </spirit:wire>
      </spirit:port>
      <spirit:port>
        <spirit:name>CH_1_S_AXIS_TREADY</spirit:name>
        <spirit:wire>
          <spirit:direction>out</spirit:direction>
          <spirit:wireTypeDefs>
            <spirit:wireTypeDef>
              <spirit:typeName>reg</spirit:typeName>
              <spirit:viewNameRef>xilinx_anylanguagesynthesis</spirit:viewNameRef>
              <spirit:viewNameRef>xilinx_anylanguagebehavioralsimulation</spirit:viewNameRef>
            </spirit:wireTypeDef>
          </spirit:wireTypeDefs>
        </spirit:wire>
      </spirit:port>
      <spirit:port>
        <spirit:name>CH_2_S_AXIS_ACLK</spirit:name>
        <spirit:wire>
          <spirit:direction>in</spirit:direction>
          <spirit:wireTypeDefs>
            <spirit:wireTypeDef>
              <spirit:typeName>std_logic</spirit:typeName>
              <spirit:viewNameRef>xilinx_anylanguagesynthesis</spirit:viewNameRef>
              <spirit:viewNameRef>xilinx_anylanguagebehavioralsimulation</spirit:viewNameRef>
            </spirit:wireTypeDef>
          </spirit:wireTypeDefs>
        </spirit:wire>
      </spirit:port>
      <spirit:port>
        <spirit:name>CH_2_S_AXIS_ARESETN</spirit:name>
        <spirit:wire>
          <spirit:direction>in</spirit:direction>
          <spirit:wireTypeDefs>
            <spirit:wireTypeDef>
              <spirit:typeName>std_logic</spirit:typeName>
              <spirit:viewNameRef>xilinx_anylanguagesynthesis</spirit:viewNameRef>
              <spirit:viewNameRef>xilinx_anylanguagebehavioralsimulation</spirit:viewNameRef>
            </spirit:wireTypeDef>
          </spirit:wireTypeDefs>
        </spirit:wire>
      </spirit:port>
      <spirit:port>
        <spirit:name>CH_2_S_AXIS_TVALID</spirit:name>
        <spirit:wire>
          <spirit:direction>in</spirit:direction>
          <spirit:wireTypeDefs>
            <spirit:wireTypeDef>
              <spirit:typeName>std_logic</spirit:typeName>
              <spirit:viewNameRef>xilinx_anylanguagesynthesis</spirit:viewNameRef>
              <spirit:viewNameRef>xilinx_anylanguagebehavioralsimulation</spirit:viewNameRef>
            </spirit:wireTypeDef>
          </spirit:wireTypeDefs>
        </spirit:wire>
      </spirit:port>
      <spirit:port>
        <spirit:name>CH_2_S_AXIS_TDATA</spirit:name>
        <spirit:wire>
          <spirit:direction>in</spirit:direction>
          <spirit:vector>
            <spirit:left spirit:format="long" spirit:resolve="dependent" spirit:dependency="(spirit:decode(id(&apos;MODELPARAM_VALUE.DATA_WIDTH&apos;)) - 1)">31</spirit:left>
            <spirit:right spirit:format="long">0</spirit:right>
          </spirit:vector>
          <spirit:wireTypeDefs>
            <spirit:wireTypeDef>
              <spirit:typeName>std_logic_vector</spirit:typeName>
              <spirit:viewNameRef>xilinx_anylanguagesynthesis</spirit:viewNameRef>
              <spirit:viewNameRef>xilinx_anylanguagebehavioralsimulation</spirit:viewNameRef>
            </spirit:wireTypeDef>
          </spirit:wireTypeDefs>
          <spirit:driver>
            <spirit:defaultValue spirit:format="long">0</spirit:defaultValue>
          </spirit:driver>
        </spirit:wire>
      </spirit:port>
      <spirit:port>
        <spirit:name>CH_2_S_AXIS_TLAST</spirit:name>
        <spirit:wire>
          <spirit:direction>in</spirit:direction>
          <spirit:wireTypeDefs>
            <spirit:wireTypeDef>
              <spirit:typeName>std_logic</spirit:typeName>
              <spirit:viewNameRef>xilinx_anylanguagesynthesis</spirit:viewNameRef>
              <spirit:viewNameRef>xilinx_anylanguagebehavioralsimulation</spirit:viewNameRef>
            </spirit:wireTypeDef>
          </spirit:wireTypeDefs>
          <spirit:driver>
            <spirit:defaultValue spirit:format="long">0</spirit:defaultValue>
          </spirit:driver>
        </spirit:wire>
      </spirit:port>
      <spirit:port>
        <spirit:name>CH_2_S_AXIS_TREADY</spirit:name>
        <spirit:wire>
          <spirit:direction>out</spirit:direction>
          <spirit:wireTypeDefs>
            <spirit:wireTypeDef>
              <spirit:typeName>reg</spirit:typeName>
              <spirit:viewNameRef>xilinx_anylanguagesynthesis</spirit:viewNameRef>
              <spirit:viewNameRef>xilinx_anylanguagebehavioralsimulation</spirit:viewNameRef>
            </spirit:wireTypeDef>
          </spirit:wireTypeDefs>
        </spirit:wire>
      </spirit:port>
    </spirit:ports>
    <spirit:modelParameters>
      <spirit:modelParameter xsi:type="spirit:nameValueTypeType" spirit:dataType="integer">
        <spirit:name>AUDIO_WIDTH</spirit:name>
        <spirit:displayName>Audio Width</spirit:displayName>
        <spirit:value spirit:format="long" spirit:resolve="generated" spirit:id="MODELPARAM_VALUE.AUDIO_WIDTH">24</spirit:value>
      </spirit:modelParameter>
      <spirit:modelParameter spirit:dataType="integer">
        <spirit:name>DATA_WIDTH</spirit:name>
        <spirit:displayName>Data Width</spirit:displayName>
        <spirit:value spirit:format="long" spirit:resolve="generated" spirit:id="MODELPARAM_VALUE.DATA_WIDTH">32</spirit:value>
      </spirit:modelParameter>
    </spirit:modelParameters>
  </spirit:model>
  <spirit:choices>
    <spirit:choice>
      <spirit:name>choice_list_74b5137e</spirit:name>
      <spirit:enumeration>ACTIVE_HIGH</spirit:enumeration>
      <spirit:enumeration>ACTIVE_LOW</spirit:enumeration>
    </spirit:choice>
  </spirit:choices>
  <spirit:fileSets>
    <spirit:fileSet>
      <spirit:name>xilinx_anylanguagesynthesis_view_fileset</spirit:name>
      <spirit:file>
        <spirit:name>mixer.v</spirit:name>
        <spirit:fileType>verilogSource</spirit:fileType>
        <spirit:userFileType>CHECKSUM_725de321</spirit:userFileType>
      </spirit:file>
    </spirit:fileSet>
    <spirit:fileSet>
      <spirit:name>xilinx_anylanguagebehavioralsimulation_view_fileset</spirit:name>
      <spirit:file>
        <spirit:name>mixer.v</spirit:name>
        <spirit:fileType>verilogSource</spirit:fileType>
      </spirit:file>
    </spirit:fileSet>
    <spirit:fileSet>
      <spirit:name>xilinx_xpgui_view_fileset</spirit:name>
      <spirit:file>
        <spirit:name>xgui/mixer_ip_v1_0.tcl</spirit:name>
        <spirit:fileType>tclSource</spirit:fileType>
        <spirit:userFileType>CHECKSUM_a7138e57</spirit:userFileType>
        <spirit:userFileType>XGUI_VERSION_2</spirit:userFileType>
      </spirit:file>
    </spirit:fileSet>
  </spirit:fileSets>
  <spirit:description>mixer_ip_v1_0</spirit:description>
  <spirit:parameters>
    <spirit:parameter>
      <spirit:name>Component_Name</spirit:name>
      <spirit:value spirit:resolve="user" spirit:id="PARAM_VALUE.Component_Name" spirit:order="1">mixer_ip_v1_0</spirit:value>
    </spirit:parameter>
    <spirit:parameter>
      <spirit:name>AUDIO_WIDTH</spirit:name>
      <spirit:displayName>Audio Width</spirit:displayName>
      <spirit:value spirit:format="long" spirit:resolve="user" spirit:id="PARAM_VALUE.AUDIO_WIDTH">24</spirit:value>
    </spirit:parameter>
    <spirit:parameter>
      <spirit:name>DATA_WIDTH</spirit:name>
      <spirit:displayName>Data Width</spirit:displayName>
      <spirit:value spirit:format="long" spirit:resolve="user" spirit:id="PARAM_VALUE.DATA_WIDTH">32</spirit:value>
    </spirit:parameter>
  </spirit:parameters>
  <spirit:vendorExtensions>
    <xilinx:coreExtensions>
      <xilinx:supportedFamilies>
        <xilinx:family xilinx:lifeCycle="Production">zynq</xilinx:family>
        <xilinx:family xilinx:lifeCycle="Production">azynq</xilinx:family>
        <xilinx:family xilinx:lifeCycle="Production">zynquplus</xilinx:family>
      </xilinx:supportedFamilies>
      <xilinx:taxonomies>
        <xilinx:taxonomy>/UserIP</xilinx:taxonomy>
      </xilinx:taxonomies>
      <xilinx:displayName>mixer_ip_v1_0</xilinx:displayName>
      <xilinx:definitionSource>package_project</xilinx:definitionSource>
      <xilinx:coreRevision>8</xilinx:coreRevision>
      <xilinx:coreCreationDateTime>2019-10-26T19:23:46Z</xilinx:coreCreationDateTime>
      <xilinx:tags>
        <xilinx:tag xilinx:name="nopcore"/>
        <xilinx:tag xilinx:name="user.org:user:mixer:1.0_ARCHIVE_LOCATION">/home/thanx/HDL-Workspace/Xilinx_SDK_Workspace/MyAudio/CantaviStreamer6-single-nc/ip-repo/user.org_mixer_ip_1.0</xilinx:tag>
        <xilinx:tag xilinx:name="ui.data.coregen.dd@555d2453_ARCHIVE_LOCATION">/home/thanx/HDL-Workspace/Xilinx_SDK_Workspace/MyAudio/CantaviStreamer6-single-nc/ip-repo/user.org_mixer_ip_1.0</xilinx:tag>
        <xilinx:tag xilinx:name="ui.data.coregen.dd@74702a9a_ARCHIVE_LOCATION">/home/thanx/HDL-Workspace/Xilinx_SDK_Workspace/MyAudio/CantaviStreamer6-single-nc/ip-repo/user.org_mixer_ip_1.0</xilinx:tag>
        <xilinx:tag xilinx:name="ui.data.coregen.dd@1eb77ae3_ARCHIVE_LOCATION">/home/thanx/HDL-Workspace/Xilinx_SDK_Workspace/MyAudio/CantaviStreamer6-single-nc/ip-repo/user.org_mixer_ip_1.0</xilinx:tag>
        <xilinx:tag xilinx:name="ui.data.coregen.dd@23356679_ARCHIVE_LOCATION">/home/thanx/HDL-Workspace/Xilinx_SDK_Workspace/MyAudio/CantaviStreamer6-single-nc/ip-repo/user.org_mixer_ip_1.0</xilinx:tag>
        <xilinx:tag xilinx:name="ui.data.coregen.dd@32ebfe19_ARCHIVE_LOCATION">/home/thanx/HDL-Workspace/Xilinx_SDK_Workspace/MyAudio/CantaviStreamer6-single-nc/ip-repo/user.org_mixer_ip_1.0</xilinx:tag>
        <xilinx:tag xilinx:name="ui.data.coregen.dd@35f8b4a8_ARCHIVE_LOCATION">/home/thanx/HDL-Workspace/Xilinx_SDK_Workspace/MyAudio/CantaviStreamer6-single-nc/ip-repo/user.org_mixer_ip_1.0</xilinx:tag>
        <xilinx:tag xilinx:name="ui.data.coregen.dd@5b75967_ARCHIVE_LOCATION">/home/thanx/HDL-Workspace/Xilinx_SDK_Workspace/MyAudio/CantaviStreamer6-single-nc/ip-repo/user.org_mixer_ip_1.0</xilinx:tag>
        <xilinx:tag xilinx:name="ui.data.coregen.dd@14635391_ARCHIVE_LOCATION">/home/thanx/HDL-Workspace/Xilinx_SDK_Workspace/MyAudio/CantaviStreamer6-single-nc/ip-repo/user.org_mixer_ip_1.0</xilinx:tag>
        <xilinx:tag xilinx:name="ui.data.coregen.dd@1e2d0a96_ARCHIVE_LOCATION">/home/thanx/HDL-Workspace/Xilinx_SDK_Workspace/MyAudio/CantaviStreamer6-single-nc/ip-repo/user.org_mixer_ip_1.0</xilinx:tag>
        <xilinx:tag xilinx:name="ui.data.coregen.dd@1efb8b2d_ARCHIVE_LOCATION">/home/thanx/HDL-Workspace/Xilinx_SDK_Workspace/MyAudio/CantaviStreamer6-single-nc/ip-repo/user.org_mixer_ip_1.0</xilinx:tag>
        <xilinx:tag xilinx:name="ui.data.coregen.dd@520ce6a_ARCHIVE_LOCATION">/home/thanx/HDL-Workspace/Xilinx_SDK_Workspace/MyAudio/CantaviStreamer6-single-nc/ip-repo/user.org_mixer_ip_1.0</xilinx:tag>
        <xilinx:tag xilinx:name="ui.data.coregen.dd@15290229_ARCHIVE_LOCATION">/home/thanx/HDL-Workspace/Xilinx_SDK_Workspace/MyAudio/CantaviStreamer6-single-nc/ip-repo/user.org_mixer_ip_1.0</xilinx:tag>
        <xilinx:tag xilinx:name="ui.data.coregen.dd@218f69e1_ARCHIVE_LOCATION">/home/thanx/HDL-Workspace/Xilinx_SDK_Workspace/MyAudio/CantaviStreamer6-single-nc/ip-repo/user.org_mixer_ip_1.0</xilinx:tag>
        <xilinx:tag xilinx:name="ui.data.coregen.dd@27c05ac8_ARCHIVE_LOCATION">/home/thanx/HDL-Workspace/Xilinx_SDK_Workspace/MyAudio/CantaviStreamer6-single-nc/ip-repo/user.org_mixer_ip_1.0</xilinx:tag>
        <xilinx:tag xilinx:name="ui.data.coregen.dd@6e2a3c09_ARCHIVE_LOCATION">/home/thanx/HDL-Workspace/Xilinx_SDK_Workspace/MyAudio/CantaviStreamer6-single-nc/ip-repo/user.org_mixer_ip_1.0</xilinx:tag>
        <xilinx:tag xilinx:name="ui.data.coregen.dd@22f3b37b_ARCHIVE_LOCATION">/home/thanx/HDL-Workspace/Xilinx_SDK_Workspace/MyAudio/CantaviStreamer6-single-nc/ip-repo/user.org_mixer_ip_1.0</xilinx:tag>
        <xilinx:tag xilinx:name="ui.data.coregen.dd@3123ebf9_ARCHIVE_LOCATION">/home/thanx/HDL-Workspace/Xilinx_SDK_Workspace/MyAudio/CantaviStreamer6-single-nc/ip-repo/user.org_mixer_ip_1.0</xilinx:tag>
        <xilinx:tag xilinx:name="ui.data.coregen.dd@5eb86e76_ARCHIVE_LOCATION">/home/thanx/HDL-Workspace/Xilinx_SDK_Workspace/MyAudio/CantaviStreamer6-single-nc/ip-repo/user.org_mixer_ip_1.0</xilinx:tag>
        <xilinx:tag xilinx:name="ui.data.coregen.dd@5f8f42a6_ARCHIVE_LOCATION">/home/thanx/HDL-Workspace/Xilinx_SDK_Workspace/MyAudio/CantaviStreamer6-single-nc/ip-repo/user.org_mixer_ip_1.0</xilinx:tag>
        <xilinx:tag xilinx:name="ui.data.coregen.dd@1cb233ff_ARCHIVE_LOCATION">/home/thanx/HDL-Workspace/Xilinx_SDK_Workspace/MyAudio/CantaviStreamer6-single-nc/ip-repo/user.org_mixer_ip_1.0</xilinx:tag>
        <xilinx:tag xilinx:name="ui.data.coregen.dd@5889c612_ARCHIVE_LOCATION">/home/thanx/HDL-Workspace/Xilinx_SDK_Workspace/MyAudio/CantaviStreamer6-single-nc/ip-repo/user.org_mixer_ip_1.0</xilinx:tag>
        <xilinx:tag xilinx:name="ui.data.coregen.dd@46bd7802_ARCHIVE_LOCATION">/home/thanx/HDL-Workspace/Xilinx_SDK_Workspace/MyAudio/CantaviStreamer6-single-nc/ip-repo/user.org_mixer_ip_1.0</xilinx:tag>
        <xilinx:tag xilinx:name="ui.data.coregen.dd@34d2c995_ARCHIVE_LOCATION">/home/thanx/HDL-Workspace/Xilinx_SDK_Workspace/MyAudio/CantaviStreamer6-single-nc/ip-repo/user.org_mixer_ip_1.0</xilinx:tag>
        <xilinx:tag xilinx:name="ui.data.coregen.dd@3a51ec63_ARCHIVE_LOCATION">/home/thanx/HDL-Workspace/Xilinx_SDK_Workspace/MyAudio/CantaviStreamer6-single-nc/ip-repo/user.org_mixer_ip_1.0</xilinx:tag>
        <xilinx:tag xilinx:name="ui.data.coregen.dd@56e9792c_ARCHIVE_LOCATION">/home/thanx/HDL-Workspace/Xilinx_SDK_Workspace/MyAudio/CantaviStreamer6-single-nc/ip-repo/user.org_mixer_ip_1.0</xilinx:tag>
        <xilinx:tag xilinx:name="ui.data.coregen.dd@1446bafa_ARCHIVE_LOCATION">/home/thanx/HDL-Workspace/Xilinx_SDK_Workspace/MyAudio/CantaviStreamer6-single-nc/ip-repo/user.org_mixer_ip_1.0</xilinx:tag>
        <xilinx:tag xilinx:name="ui.data.coregen.dd@6c550f37_ARCHIVE_LOCATION">/home/thanx/HDL-Workspace/Xilinx_SDK_Workspace/MyAudio/CantaviStreamer6-single-nc/ip-repo/user.org_mixer_ip_1.0</xilinx:tag>
        <xilinx:tag xilinx:name="ui.data.coregen.dd@126b8e95_ARCHIVE_LOCATION">/home/thanx/HDL-Workspace/Xilinx_SDK_Workspace/MyAudio/CantaviStreamer6-single-nc/ip-repo/user.org_mixer_ip_1.0</xilinx:tag>
        <xilinx:tag xilinx:name="ui.data.coregen.dd@43d83440_ARCHIVE_LOCATION">/home/thanx/HDL-Workspace/Xilinx_SDK_Workspace/MyAudio/CantaviStreamer6-single-nc/ip-repo/user.org_mixer_ip_1.0</xilinx:tag>
        <xilinx:tag xilinx:name="ui.data.coregen.dd@5adb3deb_ARCHIVE_LOCATION">/home/thanx/HDL-Workspace/Xilinx_SDK_Workspace/MyAudio/CantaviStreamer6-single-nc/ip-repo/user.org_mixer_ip_1.0</xilinx:tag>
        <xilinx:tag xilinx:name="ui.data.coregen.dd@1005c450_ARCHIVE_LOCATION">/home/thanx/HDL-Workspace/Xilinx_SDK_Workspace/MyAudio/CantaviStreamer6-single-nc/ip-repo/user.org_mixer_ip_1.0</xilinx:tag>
        <xilinx:tag xilinx:name="ui.data.coregen.dd@27a23e1a_ARCHIVE_LOCATION">/home/thanx/HDL-Workspace/Xilinx_SDK_Workspace/MyAudio/CantaviStreamer6-single-nc/ip-repo/user.org_mixer_ip_1.0</xilinx:tag>
        <xilinx:tag xilinx:name="ui.data.coregen.dd@5f71876a_ARCHIVE_LOCATION">/home/thanx/HDL-Workspace/Xilinx_SDK_Workspace/MyAudio/CantaviStreamer6-single-nc/ip-repo/user.org_mixer_ip_1.0</xilinx:tag>
        <xilinx:tag xilinx:name="ui.data.coregen.dd@5a267d0a_ARCHIVE_LOCATION">/home/thanx/HDL-Workspace/Xilinx_SDK_Workspace/MyAudio/CantaviStreamer6-single-nc/ip-repo/user.org_mixer_ip_1.0</xilinx:tag>
        <xilinx:tag xilinx:name="ui.data.coregen.dd@65b18aaa_ARCHIVE_LOCATION">/home/thanx/HDL-Workspace/Xilinx_SDK_Workspace/MyAudio/CantaviStreamer6-single-nc/ip-repo/user.org_mixer_ip_1.0</xilinx:tag>
        <xilinx:tag xilinx:name="ui.data.coregen.dd@470978cc_ARCHIVE_LOCATION">/home/thanx/HDL-Workspace/Xilinx_SDK_Workspace/MyAudio/CantaviStreamer6-single-nc/ip-repo/user.org_mixer_ip_1.0</xilinx:tag>
        <xilinx:tag xilinx:name="ui.data.coregen.dd@1000f9fe_ARCHIVE_LOCATION">/home/thanx/HDL-Workspace/Xilinx_SDK_Workspace/MyAudio/CantaviStreamer6-single-nc/ip-repo/user.org_mixer_ip_1.0</xilinx:tag>
        <xilinx:tag xilinx:name="ui.data.coregen.dd@4a7383db_ARCHIVE_LOCATION">/home/thanx/HDL-Workspace/Xilinx_SDK_Workspace/MyAudio/CantaviStreamer6-single-nc/ip-repo/user.org_mixer_ip_1.0</xilinx:tag>
        <xilinx:tag xilinx:name="ui.data.coregen.dd@83c8fe7_ARCHIVE_LOCATION">/home/thanx/HDL-Workspace/Xilinx_SDK_Workspace/MyAudio/CantaviStreamer6-single-nc/ip-repo/user.org_mixer_ip_1.0</xilinx:tag>
        <xilinx:tag xilinx:name="ui.data.coregen.dd@51c4ebb_ARCHIVE_LOCATION">/home/thanx/HDL-Workspace/Xilinx_SDK_Workspace/MyAudio/CantaviStreamer6-single-nc/ip-repo/user.org_mixer_ip_1.0</xilinx:tag>
        <xilinx:tag xilinx:name="ui.data.coregen.dd@5184af9e_ARCHIVE_LOCATION">/home/thanx/HDL-Workspace/Xilinx_SDK_Workspace/MyAudio/CantaviStreamer6-single-nc/ip-repo/user.org_mixer_ip_1.0</xilinx:tag>
        <xilinx:tag xilinx:name="ui.data.coregen.dd@671b962b_ARCHIVE_LOCATION">/home/thanx/HDL-Workspace/Xilinx_SDK_Workspace/MyAudio/CantaviStreamer6-single-nc/ip-repo/user.org_mixer_ip_1.0</xilinx:tag>
        <xilinx:tag xilinx:name="ui.data.coregen.dd@5cb6ad42_ARCHIVE_LOCATION">/home/thanx/HDL-Workspace/Xilinx_SDK_Workspace/MyAudio/CantaviStreamer6-single-nc/ip-repo/user.org_mixer_ip_1.0</xilinx:tag>
        <xilinx:tag xilinx:name="ui.data.coregen.dd@46bb9307_ARCHIVE_LOCATION">/home/thanx/HDL-Workspace/Xilinx_SDK_Workspace/MyAudio/CantaviStreamer6-single-nc/ip-repo/user.org_mixer_ip_1.0</xilinx:tag>
        <xilinx:tag xilinx:name="ui.data.coregen.dd@236f8eeb_ARCHIVE_LOCATION">/home/thanx/HDL-Workspace/Xilinx_SDK_Workspace/MyAudio/CantaviStreamer6-single-nc/ip-repo/user.org_mixer_ip_1.0</xilinx:tag>
        <xilinx:tag xilinx:name="ui.data.coregen.dd@60b1c70c_ARCHIVE_LOCATION">/home/thanx/HDL-Workspace/Xilinx_SDK_Workspace/MyAudio/CantaviStreamer6-single-nc/ip-repo/user.org_mixer_ip_1.0</xilinx:tag>
        <xilinx:tag xilinx:name="ui.data.coregen.dd@361fcde4_ARCHIVE_LOCATION">/home/thanx/HDL-Workspace/Xilinx_SDK_Workspace/MyAudio/CantaviStreamer6-single-nc/ip-repo/user.org_mixer_ip_1.0</xilinx:tag>
        <xilinx:tag xilinx:name="ui.data.coregen.dd@3378a983_ARCHIVE_LOCATION">/home/thanx/HDL-Workspace/Xilinx_SDK_Workspace/MyAudio/CantaviStreamer6-single-nc/ip-repo/user.org_mixer_ip_1.0</xilinx:tag>
        <xilinx:tag xilinx:name="ui.data.coregen.dd@16b7d16a_ARCHIVE_LOCATION">/home/thanx/HDL-Workspace/Xilinx_SDK_Workspace/MyAudio/CantaviStreamer6-single-nc/ip-repo/user.org_mixer_ip_1.0</xilinx:tag>
        <xilinx:tag xilinx:name="ui.data.coregen.dd@49255088_ARCHIVE_LOCATION">/home/thanx/HDL-Workspace/Xilinx_SDK_Workspace/MyAudio/CantaviStreamer6-single-nc/ip-repo/user.org_mixer_ip_1.0</xilinx:tag>
        <xilinx:tag xilinx:name="ui.data.coregen.dd@5236c294_ARCHIVE_LOCATION">/home/thanx/HDL-Workspace/Xilinx_SDK_Workspace/MyAudio/CantaviStreamer6-single-nc/ip-repo/user.org_mixer_ip_1.0</xilinx:tag>
        <xilinx:tag xilinx:name="ui.data.coregen.dd@57bcb3c_ARCHIVE_LOCATION">/home/thanx/HDL-Workspace/Xilinx_SDK_Workspace/MyAudio/CantaviStreamer6-single-nc/ip-repo/user.org_mixer_ip_1.0</xilinx:tag>
        <xilinx:tag xilinx:name="ui.data.coregen.dd@5ff7fed5_ARCHIVE_LOCATION">/home/thanx/HDL-Workspace/Xilinx_SDK_Workspace/MyAudio/CantaviStreamer6-single-nc/ip-repo/user.org_mixer_ip_1.0</xilinx:tag>
        <xilinx:tag xilinx:name="ui.data.coregen.dd@6db7165f_ARCHIVE_LOCATION">/home/thanx/HDL-Workspace/Xilinx_SDK_Workspace/MyAudio/CantaviStreamer6-single-nc/ip-repo/user.org_mixer_ip_1.0</xilinx:tag>
        <xilinx:tag xilinx:name="ui.data.coregen.dd@4223e2ff_ARCHIVE_LOCATION">/home/thanx/HDL-Workspace/Xilinx_SDK_Workspace/MyAudio/CantaviStreamer6-single-nc/ip-repo/user.org_mixer_ip_1.0</xilinx:tag>
        <xilinx:tag xilinx:name="ui.data.coregen.dd@3eeaba59_ARCHIVE_LOCATION">/home/thanx/HDL-Workspace/Xilinx_SDK_Workspace/MyAudio/CantaviStreamer6-single-nc/ip-repo/user.org_mixer_ip_1.0</xilinx:tag>
        <xilinx:tag xilinx:name="ui.data.coregen.dd@501998c9_ARCHIVE_LOCATION">/home/thanx/HDL-Workspace/Xilinx_SDK_Workspace/MyAudio/CantaviStreamer6-single-nc/ip-repo/user.org_mixer_ip_1.0</xilinx:tag>
        <xilinx:tag xilinx:name="ui.data.coregen.dd@29b2f6e7_ARCHIVE_LOCATION">/home/thanx/HDL-Workspace/Xilinx_SDK_Workspace/MyAudio/CantaviStreamer6-single-nc/ip-repo/user.org_mixer_ip_1.0</xilinx:tag>
        <xilinx:tag xilinx:name="ui.data.coregen.dd@47b25680_ARCHIVE_LOCATION">/home/thanx/HDL-Workspace/Xilinx_SDK_Workspace/MyAudio/CantaviStreamer6-single-nc/ip-repo/user.org_mixer_ip_1.0</xilinx:tag>
        <xilinx:tag xilinx:name="ui.data.coregen.dd@764e4c5_ARCHIVE_LOCATION">/home/thanx/HDL-Workspace/Xilinx_SDK_Workspace/MyAudio/CantaviStreamer6-single-nc/ip-repo/user.org_mixer_ip_1.0</xilinx:tag>
        <xilinx:tag xilinx:name="ui.data.coregen.dd@341ac3c1_ARCHIVE_LOCATION">/home/thanx/HDL-Workspace/Xilinx_SDK_Workspace/MyAudio/CantaviStreamer6-single-nc/ip-repo/user.org_mixer_ip_1.0</xilinx:tag>
        <xilinx:tag xilinx:name="ui.data.coregen.dd@3dd62609_ARCHIVE_LOCATION">/home/thanx/HDL-Workspace/Xilinx_SDK_Workspace/MyAudio/CantaviStreamer6-single-nc/ip-repo/user.org_mixer_ip_1.0</xilinx:tag>
        <xilinx:tag xilinx:name="ui.data.coregen.dd@4dc5a528_ARCHIVE_LOCATION">/home/thanx/HDL-Workspace/Xilinx_SDK_Workspace/MyAudio/CantaviStreamer6-single-nc/ip-repo/user.org_mixer_ip_1.0</xilinx:tag>
        <xilinx:tag xilinx:name="ui.data.coregen.dd@55c83a3d_ARCHIVE_LOCATION">/home/thanx/HDL-Workspace/Xilinx_SDK_Workspace/MyAudio/CantaviStreamer6-single-nc/ip-repo/user.org_mixer_ip_1.0</xilinx:tag>
        <xilinx:tag xilinx:name="ui.data.coregen.dd@2fe8d201_ARCHIVE_LOCATION">/home/thanx/HDL-Workspace/Xilinx_SDK_Workspace/MyAudio/CantaviStreamer6-single-nc/ip-repo/user.org_mixer_ip_1.0</xilinx:tag>
        <xilinx:tag xilinx:name="ui.data.coregen.dd@3e0289c3_ARCHIVE_LOCATION">/home/thanx/HDL-Workspace/Xilinx_SDK_Workspace/MyAudio/CantaviStreamer6-single-nc/ip-repo/user.org_mixer_ip_1.0</xilinx:tag>
        <xilinx:tag xilinx:name="ui.data.coregen.dd@364f2da9_ARCHIVE_LOCATION">/home/thanx/HDL-Workspace/Xilinx_SDK_Workspace/MyAudio/CantaviStreamer6-single-nc/ip-repo/user.org_mixer_ip_1.0</xilinx:tag>
        <xilinx:tag xilinx:name="ui.data.coregen.dd@608fdcdf_ARCHIVE_LOCATION">/home/thanx/HDL-Workspace/Xilinx_SDK_Workspace/MyAudio/CantaviStreamer6-single-nc/ip-repo/user.org_mixer_ip_1.0</xilinx:tag>
        <xilinx:tag xilinx:name="ui.data.coregen.dd@4699b49c_ARCHIVE_LOCATION">/home/thanx/HDL-Workspace/Xilinx_SDK_Workspace/MyAudio/CantaviStreamer6-single-nc/ip-repo/user.org_mixer_ip_1.0</xilinx:tag>
        <xilinx:tag xilinx:name="ui.data.coregen.dd@397d40b1_ARCHIVE_LOCATION">/home/thanx/HDL-Workspace/Xilinx_SDK_Workspace/MyAudio/CantaviStreamer6-single-nc/ip-repo/user.org_mixer_ip_1.0</xilinx:tag>
        <xilinx:tag xilinx:name="ui.data.coregen.dd@477741fa_ARCHIVE_LOCATION">/home/thanx/HDL-Workspace/Xilinx_SDK_Workspace/MyAudio/CantaviStreamer6-single-nc/ip-repo/user.org_mixer_ip_1.0</xilinx:tag>
        <xilinx:tag xilinx:name="ui.data.coregen.dd@f3ff20f_ARCHIVE_LOCATION">/home/thanx/HDL-Workspace/Xilinx_SDK_Workspace/MyAudio/CantaviStreamer6-single-nc/ip-repo/user.org_mixer_ip_1.0</xilinx:tag>
        <xilinx:tag xilinx:name="ui.data.coregen.dd@4b762a2d_ARCHIVE_LOCATION">/home/thanx/HDL-Workspace/Xilinx_SDK_Workspace/MyAudio/CantaviStreamer6-single-nc/ip-repo/user.org_mixer_ip_1.0</xilinx:tag>
        <xilinx:tag xilinx:name="ui.data.coregen.dd@6feb5567_ARCHIVE_LOCATION">/home/thanx/HDL-Workspace/Xilinx_SDK_Workspace/MyAudio/CantaviStreamer6-single-nc/ip-repo/user.org_mixer_ip_1.0</xilinx:tag>
        <xilinx:tag xilinx:name="ui.data.coregen.dd@40ec8813_ARCHIVE_LOCATION">/home/thanx/HDL-Workspace/Xilinx_SDK_Workspace/MyAudio/CantaviStreamer6-single-nc/ip-repo/user.org_mixer_ip_1.0</xilinx:tag>
        <xilinx:tag xilinx:name="ui.data.coregen.dd@7f05de5_ARCHIVE_LOCATION">/home/thanx/HDL-Workspace/Xilinx_SDK_Workspace/MyAudio/CantaviStreamer6-single-nc/ip-repo/user.org_mixer_ip_1.0</xilinx:tag>
        <xilinx:tag xilinx:name="ui.data.coregen.dd@413afad1_ARCHIVE_LOCATION">/home/thanx/HDL-Workspace/Xilinx_SDK_Workspace/MyAudio/CantaviStreamer6-single-nc/ip-repo/user.org_mixer_ip_1.0</xilinx:tag>
        <xilinx:tag xilinx:name="ui.data.coregen.dd@63d193ed_ARCHIVE_LOCATION">/home/thanx/HDL-Workspace/Xilinx_SDK_Workspace/MyAudio/CantaviStreamer6-single-nc/ip-repo/user.org_mixer_ip_1.0</xilinx:tag>
        <xilinx:tag xilinx:name="ui.data.coregen.dd@46644633_ARCHIVE_LOCATION">/home/thanx/HDL-Workspace/Xilinx_SDK_Workspace/MyAudio/CantaviStreamer6-single-nc/ip-repo/user.org_mixer_ip_1.0</xilinx:tag>
        <xilinx:tag xilinx:name="ui.data.coregen.dd@5824afa0_ARCHIVE_LOCATION">/home/thanx/HDL-Workspace/Xilinx_SDK_Workspace/MyAudio/CantaviStreamer6-single-nc/ip-repo/user.org_mixer_ip_1.0</xilinx:tag>
        <xilinx:tag xilinx:name="ui.data.coregen.dd@130b9021_ARCHIVE_LOCATION">/home/thanx/HDL-Workspace/Xilinx_SDK_Workspace/MyAudio/CantaviStreamer6-single-nc/ip-repo/user.org_mixer_ip_1.0</xilinx:tag>
        <xilinx:tag xilinx:name="ui.data.coregen.dd@6f8513da_ARCHIVE_LOCATION">/home/thanx/HDL-Workspace/Xilinx_SDK_Workspace/MyAudio/CantaviStreamer6-single-nc/ip-repo/user.org_mixer_ip_1.0</xilinx:tag>
        <xilinx:tag xilinx:name="ui.data.coregen.dd@a1c3a19_ARCHIVE_LOCATION">/home/thanx/HDL-Workspace/Xilinx_SDK_Workspace/MyAudio/CantaviStreamer6-single-nc/ip-repo/user.org_mixer_ip_1.0</xilinx:tag>
        <xilinx:tag xilinx:name="ui.data.coregen.dd@31f40251_ARCHIVE_LOCATION">/home/thanx/HDL-Workspace/Xilinx_SDK_Workspace/MyAudio/CantaviStreamer6-single-nc/ip-repo/user.org_mixer_ip_1.0</xilinx:tag>
        <xilinx:tag xilinx:name="ui.data.coregen.dd@2d4eb695_ARCHIVE_LOCATION">/home/thanx/HDL-Workspace/Xilinx_SDK_Workspace/MyAudio/CantaviStreamer6-single-nc/ip-repo/user.org_mixer_ip_1.0</xilinx:tag>
        <xilinx:tag xilinx:name="ui.data.coregen.dd@278f4df4_ARCHIVE_LOCATION">/home/thanx/HDL-Workspace/Xilinx_SDK_Workspace/MyAudio/CantaviStreamer6-single-nc/ip-repo/user.org_mixer_ip_1.0</xilinx:tag>
        <xilinx:tag xilinx:name="ui.data.coregen.dd@3da28ea2_ARCHIVE_LOCATION">/home/thanx/HDL-Workspace/Xilinx_SDK_Workspace/MyAudio/CantaviStreamer6-single-nc/ip-repo/user.org_mixer_ip_1.0</xilinx:tag>
        <xilinx:tag xilinx:name="ui.data.coregen.dd@4267d00f_ARCHIVE_LOCATION">/home/thanx/HDL-Workspace/Xilinx_SDK_Workspace/MyAudio/CantaviStreamer6-single-nc/ip-repo/user.org_mixer_ip_1.0</xilinx:tag>
        <xilinx:tag xilinx:name="ui.data.coregen.dd@18fe64c9_ARCHIVE_LOCATION">/home/thanx/HDL-Workspace/Xilinx_SDK_Workspace/MyAudio/CantaviStreamer6-single-nc/ip-repo/user.org_mixer_ip_1.0</xilinx:tag>
        <xilinx:tag xilinx:name="ui.data.coregen.dd@4290fb63_ARCHIVE_LOCATION">/home/thanx/HDL-Workspace/Xilinx_SDK_Workspace/MyAudio/CantaviStreamer6-single-nc/ip-repo/user.org_mixer_ip_1.0</xilinx:tag>
        <xilinx:tag xilinx:name="ui.data.coregen.dd@1b192b30_ARCHIVE_LOCATION">/home/thanx/HDL-Workspace/Xilinx_SDK_Workspace/MyAudio/CantaviStreamer6-single-nc/ip-repo/user.org_mixer_ip_1.0</xilinx:tag>
        <xilinx:tag xilinx:name="ui.data.coregen.dd@a90a78f_ARCHIVE_LOCATION">/home/thanx/HDL-Workspace/Xilinx_SDK_Workspace/MyAudio/CantaviStreamer6-single-nc/ip-repo/user.org_mixer_ip_1.0</xilinx:tag>
        <xilinx:tag xilinx:name="ui.data.coregen.dd@5bfce8b_ARCHIVE_LOCATION">/home/thanx/HDL-Workspace/Xilinx_SDK_Workspace/MyAudio/CantaviStreamer6-single-nc/ip-repo/user.org_mixer_ip_1.0</xilinx:tag>
      </xilinx:tags>
    </xilinx:coreExtensions>
    <xilinx:packagingInfo>
      <xilinx:xilinxVersion>2018.3</xilinx:xilinxVersion>
      <xilinx:checksum xilinx:scope="busInterfaces" xilinx:value="ed92a8db"/>
      <xilinx:checksum xilinx:scope="fileGroups" xilinx:value="c0f4380e"/>
      <xilinx:checksum xilinx:scope="ports" xilinx:value="46803a5e"/>
      <xilinx:checksum xilinx:scope="hdlParameters" xilinx:value="3c2ca3bd"/>
      <xilinx:checksum xilinx:scope="parameters" xilinx:value="87927003"/>
    </xilinx:packagingInfo>
  </spirit:vendorExtensions>
</spirit:component>
