<?xml version="1.0" encoding="UTF-8"?>
<spirit:component xmlns:xilinx="http://www.xilinx.com" xmlns:spirit="http://www.spiritconsortium.org/XMLSchema/SPIRIT/1685-2009" xmlns:xsi="http://www.w3.org/2001/XMLSchema-instance">
  <spirit:vendor>tsotnep</spirit:vendor>
  <spirit:library>userLibrary</spirit:library>
  <spirit:name>FILTER_IIR</spirit:name>
  <spirit:version>1.0</spirit:version>
  <spirit:busInterfaces>
    <spirit:busInterface>
      <spirit:name>S00_AXI</spirit:name>
      <spirit:busType spirit:vendor="xilinx.com" spirit:library="interface" spirit:name="aximm" spirit:version="1.0"/>
      <spirit:abstractionType spirit:vendor="xilinx.com" spirit:library="interface" spirit:name="aximm_rtl" spirit:version="1.0"/>
      <spirit:slave>
        <spirit:memoryMapRef spirit:memoryMapRef="S00_AXI"/>
      </spirit:slave>
      <spirit:portMaps>
        <spirit:portMap>
          <spirit:logicalPort>
            <spirit:name>AWADDR</spirit:name>
          </spirit:logicalPort>
          <spirit:physicalPort>
            <spirit:name>s00_axi_awaddr</spirit:name>
          </spirit:physicalPort>
        </spirit:portMap>
        <spirit:portMap>
          <spirit:logicalPort>
            <spirit:name>AWPROT</spirit:name>
          </spirit:logicalPort>
          <spirit:physicalPort>
            <spirit:name>s00_axi_awprot</spirit:name>
          </spirit:physicalPort>
        </spirit:portMap>
        <spirit:portMap>
          <spirit:logicalPort>
            <spirit:name>AWVALID</spirit:name>
          </spirit:logicalPort>
          <spirit:physicalPort>
            <spirit:name>s00_axi_awvalid</spirit:name>
          </spirit:physicalPort>
        </spirit:portMap>
        <spirit:portMap>
          <spirit:logicalPort>
            <spirit:name>AWREADY</spirit:name>
          </spirit:logicalPort>
          <spirit:physicalPort>
            <spirit:name>s00_axi_awready</spirit:name>
          </spirit:physicalPort>
        </spirit:portMap>
        <spirit:portMap>
          <spirit:logicalPort>
            <spirit:name>WDATA</spirit:name>
          </spirit:logicalPort>
          <spirit:physicalPort>
            <spirit:name>s00_axi_wdata</spirit:name>
          </spirit:physicalPort>
        </spirit:portMap>
        <spirit:portMap>
          <spirit:logicalPort>
            <spirit:name>WSTRB</spirit:name>
          </spirit:logicalPort>
          <spirit:physicalPort>
            <spirit:name>s00_axi_wstrb</spirit:name>
          </spirit:physicalPort>
        </spirit:portMap>
        <spirit:portMap>
          <spirit:logicalPort>
            <spirit:name>WVALID</spirit:name>
          </spirit:logicalPort>
          <spirit:physicalPort>
            <spirit:name>s00_axi_wvalid</spirit:name>
          </spirit:physicalPort>
        </spirit:portMap>
        <spirit:portMap>
          <spirit:logicalPort>
            <spirit:name>WREADY</spirit:name>
          </spirit:logicalPort>
          <spirit:physicalPort>
            <spirit:name>s00_axi_wready</spirit:name>
          </spirit:physicalPort>
        </spirit:portMap>
        <spirit:portMap>
          <spirit:logicalPort>
            <spirit:name>BRESP</spirit:name>
          </spirit:logicalPort>
          <spirit:physicalPort>
            <spirit:name>s00_axi_bresp</spirit:name>
          </spirit:physicalPort>
        </spirit:portMap>
        <spirit:portMap>
          <spirit:logicalPort>
            <spirit:name>BVALID</spirit:name>
          </spirit:logicalPort>
          <spirit:physicalPort>
            <spirit:name>s00_axi_bvalid</spirit:name>
          </spirit:physicalPort>
        </spirit:portMap>
        <spirit:portMap>
          <spirit:logicalPort>
            <spirit:name>BREADY</spirit:name>
          </spirit:logicalPort>
          <spirit:physicalPort>
            <spirit:name>s00_axi_bready</spirit:name>
          </spirit:physicalPort>
        </spirit:portMap>
        <spirit:portMap>
          <spirit:logicalPort>
            <spirit:name>ARADDR</spirit:name>
          </spirit:logicalPort>
          <spirit:physicalPort>
            <spirit:name>s00_axi_araddr</spirit:name>
          </spirit:physicalPort>
        </spirit:portMap>
        <spirit:portMap>
          <spirit:logicalPort>
            <spirit:name>ARPROT</spirit:name>
          </spirit:logicalPort>
          <spirit:physicalPort>
            <spirit:name>s00_axi_arprot</spirit:name>
          </spirit:physicalPort>
        </spirit:portMap>
        <spirit:portMap>
          <spirit:logicalPort>
            <spirit:name>ARVALID</spirit:name>
          </spirit:logicalPort>
          <spirit:physicalPort>
            <spirit:name>s00_axi_arvalid</spirit:name>
          </spirit:physicalPort>
        </spirit:portMap>
        <spirit:portMap>
          <spirit:logicalPort>
            <spirit:name>ARREADY</spirit:name>
          </spirit:logicalPort>
          <spirit:physicalPort>
            <spirit:name>s00_axi_arready</spirit:name>
          </spirit:physicalPort>
        </spirit:portMap>
        <spirit:portMap>
          <spirit:logicalPort>
            <spirit:name>RDATA</spirit:name>
          </spirit:logicalPort>
          <spirit:physicalPort>
            <spirit:name>s00_axi_rdata</spirit:name>
          </spirit:physicalPort>
        </spirit:portMap>
        <spirit:portMap>
          <spirit:logicalPort>
            <spirit:name>RRESP</spirit:name>
          </spirit:logicalPort>
          <spirit:physicalPort>
            <spirit:name>s00_axi_rresp</spirit:name>
          </spirit:physicalPort>
        </spirit:portMap>
        <spirit:portMap>
          <spirit:logicalPort>
            <spirit:name>RVALID</spirit:name>
          </spirit:logicalPort>
          <spirit:physicalPort>
            <spirit:name>s00_axi_rvalid</spirit:name>
          </spirit:physicalPort>
        </spirit:portMap>
        <spirit:portMap>
          <spirit:logicalPort>
            <spirit:name>RREADY</spirit:name>
          </spirit:logicalPort>
          <spirit:physicalPort>
            <spirit:name>s00_axi_rready</spirit:name>
          </spirit:physicalPort>
        </spirit:portMap>
      </spirit:portMaps>
      <spirit:parameters>
        <spirit:parameter>
          <spirit:name>WIZ_DATA_WIDTH</spirit:name>
          <spirit:value spirit:format="long" spirit:id="BUSIFPARAM_VALUE.S00_AXI.WIZ_DATA_WIDTH" spirit:choiceRef="choice_list_6fc15197">32</spirit:value>
        </spirit:parameter>
        <spirit:parameter>
          <spirit:name>WIZ_NUM_REG</spirit:name>
          <spirit:value spirit:format="long" spirit:id="BUSIFPARAM_VALUE.S00_AXI.WIZ_NUM_REG" spirit:minimum="4" spirit:maximum="512" spirit:rangeType="long">20</spirit:value>
        </spirit:parameter>
        <spirit:parameter>
          <spirit:name>SUPPORTS_NARROW_BURST</spirit:name>
          <spirit:value spirit:format="long" spirit:id="BUSIFPARAM_VALUE.S00_AXI.SUPPORTS_NARROW_BURST" spirit:choiceRef="choice_pairs_ce1226b1">0</spirit:value>
        </spirit:parameter>
      </spirit:parameters>
    </spirit:busInterface>
    <spirit:busInterface>
      <spirit:name>S00_AXI_RST</spirit:name>
      <spirit:busType spirit:vendor="xilinx.com" spirit:library="signal" spirit:name="reset" spirit:version="1.0"/>
      <spirit:abstractionType spirit:vendor="xilinx.com" spirit:library="signal" spirit:name="reset_rtl" spirit:version="1.0"/>
      <spirit:slave/>
      <spirit:portMaps>
        <spirit:portMap>
          <spirit:logicalPort>
            <spirit:name>RST</spirit:name>
          </spirit:logicalPort>
          <spirit:physicalPort>
            <spirit:name>s00_axi_aresetn</spirit:name>
          </spirit:physicalPort>
        </spirit:portMap>
      </spirit:portMaps>
      <spirit:parameters>
        <spirit:parameter>
          <spirit:name>POLARITY</spirit:name>
          <spirit:value spirit:id="BUSIFPARAM_VALUE.S00_AXI_RST.POLARITY" spirit:choiceRef="choice_list_9d8b0d81">ACTIVE_LOW</spirit:value>
        </spirit:parameter>
      </spirit:parameters>
    </spirit:busInterface>
    <spirit:busInterface>
      <spirit:name>S00_AXI_CLK</spirit:name>
      <spirit:busType spirit:vendor="xilinx.com" spirit:library="signal" spirit:name="clock" spirit:version="1.0"/>
      <spirit:abstractionType spirit:vendor="xilinx.com" spirit:library="signal" spirit:name="clock_rtl" spirit:version="1.0"/>
      <spirit:slave/>
      <spirit:portMaps>
        <spirit:portMap>
          <spirit:logicalPort>
            <spirit:name>CLK</spirit:name>
          </spirit:logicalPort>
          <spirit:physicalPort>
            <spirit:name>s00_axi_aclk</spirit:name>
          </spirit:physicalPort>
        </spirit:portMap>
      </spirit:portMaps>
      <spirit:parameters>
        <spirit:parameter>
          <spirit:name>ASSOCIATED_BUSIF</spirit:name>
          <spirit:value spirit:id="BUSIFPARAM_VALUE.S00_AXI_CLK.ASSOCIATED_BUSIF">S00_AXI</spirit:value>
        </spirit:parameter>
        <spirit:parameter>
          <spirit:name>ASSOCIATED_RESET</spirit:name>
          <spirit:value spirit:id="BUSIFPARAM_VALUE.S00_AXI_CLK.ASSOCIATED_RESET">s00_axi_aresetn</spirit:value>
        </spirit:parameter>
      </spirit:parameters>
    </spirit:busInterface>
  </spirit:busInterfaces>
  <spirit:memoryMaps>
    <spirit:memoryMap>
      <spirit:name>S00_AXI</spirit:name>
      <spirit:addressBlock>
        <spirit:name>S00_AXI_reg</spirit:name>
        <spirit:baseAddress spirit:format="long" spirit:resolve="user">0</spirit:baseAddress>
        <spirit:range spirit:format="long">4096</spirit:range>
        <spirit:width spirit:format="long">32</spirit:width>
        <spirit:usage>register</spirit:usage>
        <spirit:parameters>
          <spirit:parameter>
            <spirit:name>OFFSET_BASE_PARAM</spirit:name>
            <spirit:value spirit:id="ADDRBLOCKPARAM_VALUE.S00_AXI_REG.OFFSET_BASE_PARAM" spirit:dependency="ADDRBLOCKPARAM_VALUE.S00_AXI_reg.OFFSET_BASE_PARAM">0</spirit:value>
          </spirit:parameter>
          <spirit:parameter>
            <spirit:name>OFFSET_HIGH_PARAM</spirit:name>
            <spirit:value spirit:id="ADDRBLOCKPARAM_VALUE.S00_AXI_REG.OFFSET_HIGH_PARAM" spirit:dependency="ADDRBLOCKPARAM_VALUE.S00_AXI_reg.OFFSET_HIGH_PARAM">0</spirit:value>
          </spirit:parameter>
        </spirit:parameters>
      </spirit:addressBlock>
    </spirit:memoryMap>
  </spirit:memoryMaps>
  <spirit:model>
    <spirit:views>
      <spirit:view>
        <spirit:name>xilinx_vhdlsynthesis</spirit:name>
        <spirit:displayName>VHDL Synthesis</spirit:displayName>
        <spirit:envIdentifier>vhdlSource:vivado.xilinx.com:synthesis</spirit:envIdentifier>
        <spirit:language>vhdl</spirit:language>
        <spirit:modelName>FILTER_IIR_v1_0</spirit:modelName>
        <spirit:fileSetRef>
          <spirit:localName>xilinx_vhdlsynthesis_view_fileset</spirit:localName>
        </spirit:fileSetRef>
        <spirit:parameters>
          <spirit:parameter>
            <spirit:name>viewChecksum</spirit:name>
            <spirit:value>5f5c62eb</spirit:value>
          </spirit:parameter>
        </spirit:parameters>
      </spirit:view>
      <spirit:view>
        <spirit:name>xilinx_vhdlbehavioralsimulation</spirit:name>
        <spirit:displayName>VHDL Simulation</spirit:displayName>
        <spirit:envIdentifier>vhdlSource:vivado.xilinx.com:simulation</spirit:envIdentifier>
        <spirit:language>vhdl</spirit:language>
        <spirit:modelName>FILTER_IIR_v1_0</spirit:modelName>
        <spirit:fileSetRef>
          <spirit:localName>xilinx_vhdlbehavioralsimulation_view_fileset</spirit:localName>
        </spirit:fileSetRef>
        <spirit:parameters>
          <spirit:parameter>
            <spirit:name>viewChecksum</spirit:name>
            <spirit:value>5f5c62eb</spirit:value>
          </spirit:parameter>
        </spirit:parameters>
      </spirit:view>
      <spirit:view>
        <spirit:name>xilinx_softwaredriver</spirit:name>
        <spirit:displayName>Software Driver</spirit:displayName>
        <spirit:envIdentifier>:vivado.xilinx.com:sw.driver</spirit:envIdentifier>
        <spirit:fileSetRef>
          <spirit:localName>xilinx_softwaredriver_view_fileset</spirit:localName>
        </spirit:fileSetRef>
        <spirit:parameters>
          <spirit:parameter>
            <spirit:name>viewChecksum</spirit:name>
            <spirit:value>24e5f6e0</spirit:value>
          </spirit:parameter>
        </spirit:parameters>
      </spirit:view>
      <spirit:view>
        <spirit:name>xilinx_xpgui</spirit:name>
        <spirit:displayName>UI Layout</spirit:displayName>
        <spirit:envIdentifier>:vivado.xilinx.com:xgui.ui</spirit:envIdentifier>
        <spirit:fileSetRef>
          <spirit:localName>xilinx_xpgui_view_fileset</spirit:localName>
        </spirit:fileSetRef>
        <spirit:parameters>
          <spirit:parameter>
            <spirit:name>viewChecksum</spirit:name>
            <spirit:value>fd592ead</spirit:value>
          </spirit:parameter>
        </spirit:parameters>
      </spirit:view>
      <spirit:view>
        <spirit:name>bd_tcl</spirit:name>
        <spirit:displayName>Block Diagram</spirit:displayName>
        <spirit:envIdentifier>:vivado.xilinx.com:block.diagram</spirit:envIdentifier>
        <spirit:fileSetRef>
          <spirit:localName>bd_tcl_view_fileset</spirit:localName>
        </spirit:fileSetRef>
        <spirit:parameters>
          <spirit:parameter>
            <spirit:name>viewChecksum</spirit:name>
            <spirit:value>45a2f450</spirit:value>
          </spirit:parameter>
        </spirit:parameters>
      </spirit:view>
    </spirit:views>
    <spirit:ports>
      <spirit:port>
        <spirit:name>AUDIO_OUT_L</spirit:name>
        <spirit:wire>
          <spirit:direction>out</spirit:direction>
          <spirit:vector>
            <spirit:left spirit:format="long">23</spirit:left>
            <spirit:right spirit:format="long">0</spirit:right>
          </spirit:vector>
          <spirit:wireTypeDefs>
            <spirit:wireTypeDef>
              <spirit:typeName>std_logic_vector</spirit:typeName>
              <spirit:viewNameRef>xilinx_vhdlsynthesis</spirit:viewNameRef>
              <spirit:viewNameRef>xilinx_vhdlbehavioralsimulation</spirit:viewNameRef>
            </spirit:wireTypeDef>
          </spirit:wireTypeDefs>
        </spirit:wire>
      </spirit:port>
      <spirit:port>
        <spirit:name>AUDIO_OUT_R</spirit:name>
        <spirit:wire>
          <spirit:direction>out</spirit:direction>
          <spirit:vector>
            <spirit:left spirit:format="long">23</spirit:left>
            <spirit:right spirit:format="long">0</spirit:right>
          </spirit:vector>
          <spirit:wireTypeDefs>
            <spirit:wireTypeDef>
              <spirit:typeName>std_logic_vector</spirit:typeName>
              <spirit:viewNameRef>xilinx_vhdlsynthesis</spirit:viewNameRef>
              <spirit:viewNameRef>xilinx_vhdlbehavioralsimulation</spirit:viewNameRef>
            </spirit:wireTypeDef>
          </spirit:wireTypeDefs>
        </spirit:wire>
      </spirit:port>
      <spirit:port>
        <spirit:name>FILTER_DONE</spirit:name>
        <spirit:wire>
          <spirit:direction>out</spirit:direction>
          <spirit:wireTypeDefs>
            <spirit:wireTypeDef>
              <spirit:typeName>std_logic</spirit:typeName>
              <spirit:viewNameRef>xilinx_vhdlsynthesis</spirit:viewNameRef>
              <spirit:viewNameRef>xilinx_vhdlbehavioralsimulation</spirit:viewNameRef>
            </spirit:wireTypeDef>
          </spirit:wireTypeDefs>
        </spirit:wire>
      </spirit:port>
      <spirit:port>
        <spirit:name>SAMPLE_TRIG</spirit:name>
        <spirit:wire>
          <spirit:direction>in</spirit:direction>
          <spirit:wireTypeDefs>
            <spirit:wireTypeDef>
              <spirit:typeName>std_logic</spirit:typeName>
              <spirit:viewNameRef>xilinx_vhdlsynthesis</spirit:viewNameRef>
              <spirit:viewNameRef>xilinx_vhdlbehavioralsimulation</spirit:viewNameRef>
            </spirit:wireTypeDef>
          </spirit:wireTypeDefs>
        </spirit:wire>
      </spirit:port>
      <spirit:port>
        <spirit:name>AUDIO_IN_L</spirit:name>
        <spirit:wire>
          <spirit:direction>in</spirit:direction>
          <spirit:vector>
            <spirit:left spirit:format="long">23</spirit:left>
            <spirit:right spirit:format="long">0</spirit:right>
          </spirit:vector>
          <spirit:wireTypeDefs>
            <spirit:wireTypeDef>
              <spirit:typeName>std_logic_vector</spirit:typeName>
              <spirit:viewNameRef>xilinx_vhdlsynthesis</spirit:viewNameRef>
              <spirit:viewNameRef>xilinx_vhdlbehavioralsimulation</spirit:viewNameRef>
            </spirit:wireTypeDef>
          </spirit:wireTypeDefs>
        </spirit:wire>
      </spirit:port>
      <spirit:port>
        <spirit:name>AUDIO_IN_R</spirit:name>
        <spirit:wire>
          <spirit:direction>in</spirit:direction>
          <spirit:vector>
            <spirit:left spirit:format="long">23</spirit:left>
            <spirit:right spirit:format="long">0</spirit:right>
          </spirit:vector>
          <spirit:wireTypeDefs>
            <spirit:wireTypeDef>
              <spirit:typeName>std_logic_vector</spirit:typeName>
              <spirit:viewNameRef>xilinx_vhdlsynthesis</spirit:viewNameRef>
              <spirit:viewNameRef>xilinx_vhdlbehavioralsimulation</spirit:viewNameRef>
            </spirit:wireTypeDef>
          </spirit:wireTypeDefs>
        </spirit:wire>
      </spirit:port>
      <spirit:port>
        <spirit:name>s00_axi_awaddr</spirit:name>
        <spirit:wire>
          <spirit:direction>in</spirit:direction>
          <spirit:vector>
            <spirit:left spirit:format="long" spirit:resolve="dependent" spirit:dependency="(spirit:decode(id(&apos;MODELPARAM_VALUE.C_S00_AXI_ADDR_WIDTH&apos;)) - 1)">6</spirit:left>
            <spirit:right spirit:format="long">0</spirit:right>
          </spirit:vector>
          <spirit:wireTypeDefs>
            <spirit:wireTypeDef>
              <spirit:typeName>std_logic_vector</spirit:typeName>
              <spirit:viewNameRef>xilinx_vhdlsynthesis</spirit:viewNameRef>
              <spirit:viewNameRef>xilinx_vhdlbehavioralsimulation</spirit:viewNameRef>
            </spirit:wireTypeDef>
          </spirit:wireTypeDefs>
        </spirit:wire>
      </spirit:port>
      <spirit:port>
        <spirit:name>s00_axi_awprot</spirit:name>
        <spirit:wire>
          <spirit:direction>in</spirit:direction>
          <spirit:vector>
            <spirit:left spirit:format="long">2</spirit:left>
            <spirit:right spirit:format="long">0</spirit:right>
          </spirit:vector>
          <spirit:wireTypeDefs>
            <spirit:wireTypeDef>
              <spirit:typeName>std_logic_vector</spirit:typeName>
              <spirit:viewNameRef>xilinx_vhdlsynthesis</spirit:viewNameRef>
              <spirit:viewNameRef>xilinx_vhdlbehavioralsimulation</spirit:viewNameRef>
            </spirit:wireTypeDef>
          </spirit:wireTypeDefs>
        </spirit:wire>
      </spirit:port>
      <spirit:port>
        <spirit:name>s00_axi_awvalid</spirit:name>
        <spirit:wire>
          <spirit:direction>in</spirit:direction>
          <spirit:wireTypeDefs>
            <spirit:wireTypeDef>
              <spirit:typeName>std_logic</spirit:typeName>
              <spirit:viewNameRef>xilinx_vhdlsynthesis</spirit:viewNameRef>
              <spirit:viewNameRef>xilinx_vhdlbehavioralsimulation</spirit:viewNameRef>
            </spirit:wireTypeDef>
          </spirit:wireTypeDefs>
        </spirit:wire>
      </spirit:port>
      <spirit:port>
        <spirit:name>s00_axi_awready</spirit:name>
        <spirit:wire>
          <spirit:direction>out</spirit:direction>
          <spirit:wireTypeDefs>
            <spirit:wireTypeDef>
              <spirit:typeName>std_logic</spirit:typeName>
              <spirit:viewNameRef>xilinx_vhdlsynthesis</spirit:viewNameRef>
              <spirit:viewNameRef>xilinx_vhdlbehavioralsimulation</spirit:viewNameRef>
            </spirit:wireTypeDef>
          </spirit:wireTypeDefs>
        </spirit:wire>
      </spirit:port>
      <spirit:port>
        <spirit:name>s00_axi_wdata</spirit:name>
        <spirit:wire>
          <spirit:direction>in</spirit:direction>
          <spirit:vector>
            <spirit:left spirit:format="long" spirit:resolve="dependent" spirit:dependency="(spirit:decode(id(&apos;MODELPARAM_VALUE.C_S00_AXI_DATA_WIDTH&apos;)) - 1)">31</spirit:left>
            <spirit:right spirit:format="long">0</spirit:right>
          </spirit:vector>
          <spirit:wireTypeDefs>
            <spirit:wireTypeDef>
              <spirit:typeName>std_logic_vector</spirit:typeName>
              <spirit:viewNameRef>xilinx_vhdlsynthesis</spirit:viewNameRef>
              <spirit:viewNameRef>xilinx_vhdlbehavioralsimulation</spirit:viewNameRef>
            </spirit:wireTypeDef>
          </spirit:wireTypeDefs>
        </spirit:wire>
      </spirit:port>
      <spirit:port>
        <spirit:name>s00_axi_wstrb</spirit:name>
        <spirit:wire>
          <spirit:direction>in</spirit:direction>
          <spirit:vector>
            <spirit:left spirit:format="long" spirit:resolve="dependent" spirit:dependency="((spirit:decode(id(&apos;MODELPARAM_VALUE.C_S00_AXI_DATA_WIDTH&apos;)) / 8) - 1)">3</spirit:left>
            <spirit:right spirit:format="long">0</spirit:right>
          </spirit:vector>
          <spirit:wireTypeDefs>
            <spirit:wireTypeDef>
              <spirit:typeName>std_logic_vector</spirit:typeName>
              <spirit:viewNameRef>xilinx_vhdlsynthesis</spirit:viewNameRef>
              <spirit:viewNameRef>xilinx_vhdlbehavioralsimulation</spirit:viewNameRef>
            </spirit:wireTypeDef>
          </spirit:wireTypeDefs>
        </spirit:wire>
      </spirit:port>
      <spirit:port>
        <spirit:name>s00_axi_wvalid</spirit:name>
        <spirit:wire>
          <spirit:direction>in</spirit:direction>
          <spirit:wireTypeDefs>
            <spirit:wireTypeDef>
              <spirit:typeName>std_logic</spirit:typeName>
              <spirit:viewNameRef>xilinx_vhdlsynthesis</spirit:viewNameRef>
              <spirit:viewNameRef>xilinx_vhdlbehavioralsimulation</spirit:viewNameRef>
            </spirit:wireTypeDef>
          </spirit:wireTypeDefs>
        </spirit:wire>
      </spirit:port>
      <spirit:port>
        <spirit:name>s00_axi_wready</spirit:name>
        <spirit:wire>
          <spirit:direction>out</spirit:direction>
          <spirit:wireTypeDefs>
            <spirit:wireTypeDef>
              <spirit:typeName>std_logic</spirit:typeName>
              <spirit:viewNameRef>xilinx_vhdlsynthesis</spirit:viewNameRef>
              <spirit:viewNameRef>xilinx_vhdlbehavioralsimulation</spirit:viewNameRef>
            </spirit:wireTypeDef>
          </spirit:wireTypeDefs>
        </spirit:wire>
      </spirit:port>
      <spirit:port>
        <spirit:name>s00_axi_bresp</spirit:name>
        <spirit:wire>
          <spirit:direction>out</spirit:direction>
          <spirit:vector>
            <spirit:left spirit:format="long">1</spirit:left>
            <spirit:right spirit:format="long">0</spirit:right>
          </spirit:vector>
          <spirit:wireTypeDefs>
            <spirit:wireTypeDef>
              <spirit:typeName>std_logic_vector</spirit:typeName>
              <spirit:viewNameRef>xilinx_vhdlsynthesis</spirit:viewNameRef>
              <spirit:viewNameRef>xilinx_vhdlbehavioralsimulation</spirit:viewNameRef>
            </spirit:wireTypeDef>
          </spirit:wireTypeDefs>
        </spirit:wire>
      </spirit:port>
      <spirit:port>
        <spirit:name>s00_axi_bvalid</spirit:name>
        <spirit:wire>
          <spirit:direction>out</spirit:direction>
          <spirit:wireTypeDefs>
            <spirit:wireTypeDef>
              <spirit:typeName>std_logic</spirit:typeName>
              <spirit:viewNameRef>xilinx_vhdlsynthesis</spirit:viewNameRef>
              <spirit:viewNameRef>xilinx_vhdlbehavioralsimulation</spirit:viewNameRef>
            </spirit:wireTypeDef>
          </spirit:wireTypeDefs>
        </spirit:wire>
      </spirit:port>
      <spirit:port>
        <spirit:name>s00_axi_bready</spirit:name>
        <spirit:wire>
          <spirit:direction>in</spirit:direction>
          <spirit:wireTypeDefs>
            <spirit:wireTypeDef>
              <spirit:typeName>std_logic</spirit:typeName>
              <spirit:viewNameRef>xilinx_vhdlsynthesis</spirit:viewNameRef>
              <spirit:viewNameRef>xilinx_vhdlbehavioralsimulation</spirit:viewNameRef>
            </spirit:wireTypeDef>
          </spirit:wireTypeDefs>
        </spirit:wire>
      </spirit:port>
      <spirit:port>
        <spirit:name>s00_axi_araddr</spirit:name>
        <spirit:wire>
          <spirit:direction>in</spirit:direction>
          <spirit:vector>
            <spirit:left spirit:format="long" spirit:resolve="dependent" spirit:dependency="(spirit:decode(id(&apos;MODELPARAM_VALUE.C_S00_AXI_ADDR_WIDTH&apos;)) - 1)">6</spirit:left>
            <spirit:right spirit:format="long">0</spirit:right>
          </spirit:vector>
          <spirit:wireTypeDefs>
            <spirit:wireTypeDef>
              <spirit:typeName>std_logic_vector</spirit:typeName>
              <spirit:viewNameRef>xilinx_vhdlsynthesis</spirit:viewNameRef>
              <spirit:viewNameRef>xilinx_vhdlbehavioralsimulation</spirit:viewNameRef>
            </spirit:wireTypeDef>
          </spirit:wireTypeDefs>
        </spirit:wire>
      </spirit:port>
      <spirit:port>
        <spirit:name>s00_axi_arprot</spirit:name>
        <spirit:wire>
          <spirit:direction>in</spirit:direction>
          <spirit:vector>
            <spirit:left spirit:format="long">2</spirit:left>
            <spirit:right spirit:format="long">0</spirit:right>
          </spirit:vector>
          <spirit:wireTypeDefs>
            <spirit:wireTypeDef>
              <spirit:typeName>std_logic_vector</spirit:typeName>
              <spirit:viewNameRef>xilinx_vhdlsynthesis</spirit:viewNameRef>
              <spirit:viewNameRef>xilinx_vhdlbehavioralsimulation</spirit:viewNameRef>
            </spirit:wireTypeDef>
          </spirit:wireTypeDefs>
        </spirit:wire>
      </spirit:port>
      <spirit:port>
        <spirit:name>s00_axi_arvalid</spirit:name>
        <spirit:wire>
          <spirit:direction>in</spirit:direction>
          <spirit:wireTypeDefs>
            <spirit:wireTypeDef>
              <spirit:typeName>std_logic</spirit:typeName>
              <spirit:viewNameRef>xilinx_vhdlsynthesis</spirit:viewNameRef>
              <spirit:viewNameRef>xilinx_vhdlbehavioralsimulation</spirit:viewNameRef>
            </spirit:wireTypeDef>
          </spirit:wireTypeDefs>
        </spirit:wire>
      </spirit:port>
      <spirit:port>
        <spirit:name>s00_axi_arready</spirit:name>
        <spirit:wire>
          <spirit:direction>out</spirit:direction>
          <spirit:wireTypeDefs>
            <spirit:wireTypeDef>
              <spirit:typeName>std_logic</spirit:typeName>
              <spirit:viewNameRef>xilinx_vhdlsynthesis</spirit:viewNameRef>
              <spirit:viewNameRef>xilinx_vhdlbehavioralsimulation</spirit:viewNameRef>
            </spirit:wireTypeDef>
          </spirit:wireTypeDefs>
        </spirit:wire>
      </spirit:port>
      <spirit:port>
        <spirit:name>s00_axi_rdata</spirit:name>
        <spirit:wire>
          <spirit:direction>out</spirit:direction>
          <spirit:vector>
            <spirit:left spirit:format="long" spirit:resolve="dependent" spirit:dependency="(spirit:decode(id(&apos;MODELPARAM_VALUE.C_S00_AXI_DATA_WIDTH&apos;)) - 1)">31</spirit:left>
            <spirit:right spirit:format="long">0</spirit:right>
          </spirit:vector>
          <spirit:wireTypeDefs>
            <spirit:wireTypeDef>
              <spirit:typeName>std_logic_vector</spirit:typeName>
              <spirit:viewNameRef>xilinx_vhdlsynthesis</spirit:viewNameRef>
              <spirit:viewNameRef>xilinx_vhdlbehavioralsimulation</spirit:viewNameRef>
            </spirit:wireTypeDef>
          </spirit:wireTypeDefs>
        </spirit:wire>
      </spirit:port>
      <spirit:port>
        <spirit:name>s00_axi_rresp</spirit:name>
        <spirit:wire>
          <spirit:direction>out</spirit:direction>
          <spirit:vector>
            <spirit:left spirit:format="long">1</spirit:left>
            <spirit:right spirit:format="long">0</spirit:right>
          </spirit:vector>
          <spirit:wireTypeDefs>
            <spirit:wireTypeDef>
              <spirit:typeName>std_logic_vector</spirit:typeName>
              <spirit:viewNameRef>xilinx_vhdlsynthesis</spirit:viewNameRef>
              <spirit:viewNameRef>xilinx_vhdlbehavioralsimulation</spirit:viewNameRef>
            </spirit:wireTypeDef>
          </spirit:wireTypeDefs>
        </spirit:wire>
      </spirit:port>
      <spirit:port>
        <spirit:name>s00_axi_rvalid</spirit:name>
        <spirit:wire>
          <spirit:direction>out</spirit:direction>
          <spirit:wireTypeDefs>
            <spirit:wireTypeDef>
              <spirit:typeName>std_logic</spirit:typeName>
              <spirit:viewNameRef>xilinx_vhdlsynthesis</spirit:viewNameRef>
              <spirit:viewNameRef>xilinx_vhdlbehavioralsimulation</spirit:viewNameRef>
            </spirit:wireTypeDef>
          </spirit:wireTypeDefs>
        </spirit:wire>
      </spirit:port>
      <spirit:port>
        <spirit:name>s00_axi_rready</spirit:name>
        <spirit:wire>
          <spirit:direction>in</spirit:direction>
          <spirit:wireTypeDefs>
            <spirit:wireTypeDef>
              <spirit:typeName>std_logic</spirit:typeName>
              <spirit:viewNameRef>xilinx_vhdlsynthesis</spirit:viewNameRef>
              <spirit:viewNameRef>xilinx_vhdlbehavioralsimulation</spirit:viewNameRef>
            </spirit:wireTypeDef>
          </spirit:wireTypeDefs>
        </spirit:wire>
      </spirit:port>
      <spirit:port>
        <spirit:name>s00_axi_aclk</spirit:name>
        <spirit:wire>
          <spirit:direction>in</spirit:direction>
          <spirit:wireTypeDefs>
            <spirit:wireTypeDef>
              <spirit:typeName>std_logic</spirit:typeName>
              <spirit:viewNameRef>xilinx_vhdlsynthesis</spirit:viewNameRef>
              <spirit:viewNameRef>xilinx_vhdlbehavioralsimulation</spirit:viewNameRef>
            </spirit:wireTypeDef>
          </spirit:wireTypeDefs>
        </spirit:wire>
      </spirit:port>
      <spirit:port>
        <spirit:name>s00_axi_aresetn</spirit:name>
        <spirit:wire>
          <spirit:direction>in</spirit:direction>
          <spirit:wireTypeDefs>
            <spirit:wireTypeDef>
              <spirit:typeName>std_logic</spirit:typeName>
              <spirit:viewNameRef>xilinx_vhdlsynthesis</spirit:viewNameRef>
              <spirit:viewNameRef>xilinx_vhdlbehavioralsimulation</spirit:viewNameRef>
            </spirit:wireTypeDef>
          </spirit:wireTypeDefs>
        </spirit:wire>
      </spirit:port>
    </spirit:ports>
    <spirit:modelParameters>
      <spirit:modelParameter xsi:type="spirit:nameValueTypeType" spirit:dataType="integer">
        <spirit:name>C_S00_AXI_DATA_WIDTH</spirit:name>
        <spirit:displayName>C S00 AXI DATA WIDTH</spirit:displayName>
        <spirit:description>Width of S_AXI data bus</spirit:description>
        <spirit:value spirit:format="long" spirit:resolve="generated" spirit:id="MODELPARAM_VALUE.C_S00_AXI_DATA_WIDTH" spirit:order="3" spirit:rangeType="long">32</spirit:value>
      </spirit:modelParameter>
      <spirit:modelParameter spirit:dataType="integer">
        <spirit:name>C_S00_AXI_ADDR_WIDTH</spirit:name>
        <spirit:displayName>C S00 AXI ADDR WIDTH</spirit:displayName>
        <spirit:description>Width of S_AXI address bus</spirit:description>
        <spirit:value spirit:format="long" spirit:resolve="generated" spirit:id="MODELPARAM_VALUE.C_S00_AXI_ADDR_WIDTH" spirit:order="4" spirit:rangeType="long">7</spirit:value>
      </spirit:modelParameter>
    </spirit:modelParameters>
  </spirit:model>
  <spirit:choices>
    <spirit:choice>
      <spirit:name>choice_list_6fc15197</spirit:name>
      <spirit:enumeration>32</spirit:enumeration>
    </spirit:choice>
    <spirit:choice>
      <spirit:name>choice_list_9d8b0d81</spirit:name>
      <spirit:enumeration>ACTIVE_HIGH</spirit:enumeration>
      <spirit:enumeration>ACTIVE_LOW</spirit:enumeration>
    </spirit:choice>
    <spirit:choice>
      <spirit:name>choice_pairs_ce1226b1</spirit:name>
      <spirit:enumeration spirit:text="true">1</spirit:enumeration>
      <spirit:enumeration spirit:text="false">0</spirit:enumeration>
    </spirit:choice>
  </spirit:choices>
  <spirit:fileSets>
    <spirit:fileSet>
      <spirit:name>xilinx_vhdlsynthesis_view_fileset</spirit:name>
      <spirit:file>
        <spirit:name>src/Filter_Top_Level.vhd</spirit:name>
        <spirit:fileType>vhdlSource</spirit:fileType>
      </spirit:file>
      <spirit:file>
        <spirit:name>hdl/FILTER_IIR_v1_0_S00_AXI.vhd</spirit:name>
        <spirit:fileType>vhdlSource</spirit:fileType>
      </spirit:file>
      <spirit:file>
        <spirit:name>src/Multiplier.vhd</spirit:name>
        <spirit:fileType>vhdlSource</spirit:fileType>
      </spirit:file>
      <spirit:file>
        <spirit:name>src/IIR_Biquad_II_v3.vhd</spirit:name>
        <spirit:fileType>vhdlSource</spirit:fileType>
      </spirit:file>
      <spirit:file>
        <spirit:name>hdl/FILTER_IIR_v1_0.vhd</spirit:name>
        <spirit:fileType>vhdlSource</spirit:fileType>
        <spirit:userFileType>CHECKSUM_1ce76c2d</spirit:userFileType>
      </spirit:file>
    </spirit:fileSet>
    <spirit:fileSet>
      <spirit:name>xilinx_vhdlbehavioralsimulation_view_fileset</spirit:name>
      <spirit:file>
        <spirit:name>src/Filter_Top_Level.vhd</spirit:name>
        <spirit:fileType>vhdlSource</spirit:fileType>
      </spirit:file>
      <spirit:file>
        <spirit:name>hdl/FILTER_IIR_v1_0_S00_AXI.vhd</spirit:name>
        <spirit:fileType>vhdlSource</spirit:fileType>
      </spirit:file>
      <spirit:file>
        <spirit:name>src/Multiplier.vhd</spirit:name>
        <spirit:fileType>vhdlSource</spirit:fileType>
      </spirit:file>
      <spirit:file>
        <spirit:name>src/IIR_Biquad_II_v3.vhd</spirit:name>
        <spirit:fileType>vhdlSource</spirit:fileType>
      </spirit:file>
      <spirit:file>
        <spirit:name>hdl/FILTER_IIR_v1_0.vhd</spirit:name>
        <spirit:fileType>vhdlSource</spirit:fileType>
      </spirit:file>
    </spirit:fileSet>
    <spirit:fileSet>
      <spirit:name>xilinx_softwaredriver_view_fileset</spirit:name>
      <spirit:file>
        <spirit:name>drivers/FILTER_IIR_v1_0/data/FILTER_IIR.mdd</spirit:name>
        <spirit:userFileType>mdd</spirit:userFileType>
        <spirit:userFileType>driver_mdd</spirit:userFileType>
      </spirit:file>
      <spirit:file>
        <spirit:name>drivers/FILTER_IIR_v1_0/data/FILTER_IIR.tcl</spirit:name>
        <spirit:fileType>tclSource</spirit:fileType>
        <spirit:userFileType>driver_tcl</spirit:userFileType>
      </spirit:file>
      <spirit:file>
        <spirit:name>drivers/FILTER_IIR_v1_0/src/Makefile</spirit:name>
        <spirit:userFileType>driver_src</spirit:userFileType>
      </spirit:file>
      <spirit:file>
        <spirit:name>drivers/FILTER_IIR_v1_0/src/FILTER_IIR.h</spirit:name>
        <spirit:fileType>cSource</spirit:fileType>
        <spirit:userFileType>driver_src</spirit:userFileType>
      </spirit:file>
      <spirit:file>
        <spirit:name>drivers/FILTER_IIR_v1_0/src/FILTER_IIR.c</spirit:name>
        <spirit:fileType>cSource</spirit:fileType>
        <spirit:userFileType>driver_src</spirit:userFileType>
      </spirit:file>
      <spirit:file>
        <spirit:name>drivers/FILTER_IIR_v1_0/src/FILTER_IIR_selftest.c</spirit:name>
        <spirit:fileType>cSource</spirit:fileType>
        <spirit:userFileType>driver_src</spirit:userFileType>
      </spirit:file>
    </spirit:fileSet>
    <spirit:fileSet>
      <spirit:name>xilinx_xpgui_view_fileset</spirit:name>
      <spirit:file>
        <spirit:name>xgui/FILTER_IIR_v1_0.tcl</spirit:name>
        <spirit:fileType>tclSource</spirit:fileType>
        <spirit:userFileType>CHECKSUM_fd592ead</spirit:userFileType>
        <spirit:userFileType>XGUI_VERSION_2</spirit:userFileType>
      </spirit:file>
    </spirit:fileSet>
    <spirit:fileSet>
      <spirit:name>bd_tcl_view_fileset</spirit:name>
      <spirit:file>
        <spirit:name>bd/bd.tcl</spirit:name>
        <spirit:fileType>tclSource</spirit:fileType>
      </spirit:file>
    </spirit:fileSet>
  </spirit:fileSets>
  <spirit:description>My new AXI IP</spirit:description>
  <spirit:parameters>
    <spirit:parameter>
      <spirit:name>C_S00_AXI_DATA_WIDTH</spirit:name>
      <spirit:displayName>C S00 AXI DATA WIDTH</spirit:displayName>
      <spirit:description>Width of S_AXI data bus</spirit:description>
      <spirit:value spirit:format="long" spirit:resolve="user" spirit:id="PARAM_VALUE.C_S00_AXI_DATA_WIDTH" spirit:choiceRef="choice_list_6fc15197" spirit:order="3">32</spirit:value>
      <spirit:vendorExtensions>
        <xilinx:parameterInfo>
          <xilinx:enablement>
            <xilinx:isEnabled xilinx:id="PARAM_ENABLEMENT.C_S00_AXI_DATA_WIDTH">false</xilinx:isEnabled>
          </xilinx:enablement>
        </xilinx:parameterInfo>
      </spirit:vendorExtensions>
    </spirit:parameter>
    <spirit:parameter>
      <spirit:name>C_S00_AXI_ADDR_WIDTH</spirit:name>
      <spirit:displayName>C S00 AXI ADDR WIDTH</spirit:displayName>
      <spirit:description>Width of S_AXI address bus</spirit:description>
      <spirit:value spirit:format="long" spirit:resolve="user" spirit:id="PARAM_VALUE.C_S00_AXI_ADDR_WIDTH" spirit:order="4" spirit:rangeType="long">7</spirit:value>
      <spirit:vendorExtensions>
        <xilinx:parameterInfo>
          <xilinx:enablement>
            <xilinx:isEnabled xilinx:id="PARAM_ENABLEMENT.C_S00_AXI_ADDR_WIDTH">false</xilinx:isEnabled>
          </xilinx:enablement>
        </xilinx:parameterInfo>
      </spirit:vendorExtensions>
    </spirit:parameter>
    <spirit:parameter>
      <spirit:name>C_S00_AXI_BASEADDR</spirit:name>
      <spirit:displayName>C S00 AXI BASEADDR</spirit:displayName>
      <spirit:value spirit:format="bitString" spirit:resolve="user" spirit:id="PARAM_VALUE.C_S00_AXI_BASEADDR" spirit:order="5" spirit:bitStringLength="32">0xFFFFFFFF</spirit:value>
      <spirit:vendorExtensions>
        <xilinx:parameterInfo>
          <xilinx:enablement>
            <xilinx:isEnabled xilinx:id="PARAM_ENABLEMENT.C_S00_AXI_BASEADDR">false</xilinx:isEnabled>
          </xilinx:enablement>
        </xilinx:parameterInfo>
      </spirit:vendorExtensions>
    </spirit:parameter>
    <spirit:parameter>
      <spirit:name>C_S00_AXI_HIGHADDR</spirit:name>
      <spirit:displayName>C S00 AXI HIGHADDR</spirit:displayName>
      <spirit:value spirit:format="bitString" spirit:resolve="user" spirit:id="PARAM_VALUE.C_S00_AXI_HIGHADDR" spirit:order="6" spirit:bitStringLength="32">0x00000000</spirit:value>
      <spirit:vendorExtensions>
        <xilinx:parameterInfo>
          <xilinx:enablement>
            <xilinx:isEnabled xilinx:id="PARAM_ENABLEMENT.C_S00_AXI_HIGHADDR">false</xilinx:isEnabled>
          </xilinx:enablement>
        </xilinx:parameterInfo>
      </spirit:vendorExtensions>
    </spirit:parameter>
    <spirit:parameter>
      <spirit:name>Component_Name</spirit:name>
      <spirit:value spirit:resolve="user" spirit:id="PARAM_VALUE.Component_Name" spirit:order="1">FILTER_IIR_v1_0</spirit:value>
    </spirit:parameter>
  </spirit:parameters>
  <spirit:vendorExtensions>
    <xilinx:coreExtensions>
      <xilinx:supportedFamilies>
        <xilinx:family xilinx:lifeCycle="Pre-Production">zynq</xilinx:family>
      </xilinx:supportedFamilies>
      <xilinx:taxonomies>
        <xilinx:taxonomy>AXI_Peripheral</xilinx:taxonomy>
      </xilinx:taxonomies>
      <xilinx:displayName>FILTER_IIR_v1.0</xilinx:displayName>
      <xilinx:coreRevision>11</xilinx:coreRevision>
      <xilinx:coreCreationDateTime>2021-12-13T17:01:50Z</xilinx:coreCreationDateTime>
      <xilinx:tags>
        <xilinx:tag xilinx:name="tsotnep:userLibrary:FILTER_IIR:1.0_ARCHIVE_LOCATION">/home/tsotne/workspaceVivado/ip_repo/FILTER_IIR_1.0</xilinx:tag>
        <xilinx:tag xilinx:name="ui.data.coregen.dd@f6f9965_ARCHIVE_LOCATION">/home/thanx/HDL-Workspace/Xilinx_SDK_Workspace/MyAudio/CantaviStreamer6/ip-repo/ip_repo_vivado/FILTER_IIR_1.0</xilinx:tag>
        <xilinx:tag xilinx:name="ui.data.coregen.dd@b9d0d0_ARCHIVE_LOCATION">/home/thanx/HDL-Workspace/Xilinx_SDK_Workspace/MyAudio/CantaviStreamer6/ip-repo/ip_repo_vivado/FILTER_IIR_1.0</xilinx:tag>
        <xilinx:tag xilinx:name="ui.data.coregen.dd@1e2c632d_ARCHIVE_LOCATION">/home/thanx/HDL-Workspace/Xilinx_SDK_Workspace/MyAudio/CantaviStreamer6/ip-repo/ip_repo_vivado/FILTER_IIR_1.0</xilinx:tag>
        <xilinx:tag xilinx:name="ui.data.coregen.dd@59995789_ARCHIVE_LOCATION">/home/thanx/HDL-Workspace/Xilinx_SDK_Workspace/MyAudio/CantaviStreamer6/ip-repo/ip_repo_vivado/FILTER_IIR_1.0</xilinx:tag>
        <xilinx:tag xilinx:name="ui.data.coregen.dd@23015e51_ARCHIVE_LOCATION">/home/thanx/HDL-Workspace/Xilinx_SDK_Workspace/MyAudio/CantaviStreamer6/ip-repo/ip_repo_vivado/FILTER_IIR_1.0</xilinx:tag>
        <xilinx:tag xilinx:name="ui.data.coregen.dd@2586849_ARCHIVE_LOCATION">/home/thanx/HDL-Workspace/Xilinx_SDK_Workspace/MyAudio/CantaviStreamer6/ip-repo/ip_repo_vivado/FILTER_IIR_1.0</xilinx:tag>
        <xilinx:tag xilinx:name="ui.data.coregen.dd@19100ca3_ARCHIVE_LOCATION">/home/thanx/HDL-Workspace/Xilinx_SDK_Workspace/MyAudio/CantaviStreamer6/ip-repo/ip_repo_vivado/FILTER_IIR_1.0</xilinx:tag>
        <xilinx:tag xilinx:name="ui.data.coregen.dd@6a6ef456_ARCHIVE_LOCATION">/home/thanx/HDL-Workspace/Xilinx_SDK_Workspace/MyAudio/CantaviStreamer6/ip-repo/ip_repo_vivado/FILTER_IIR_1.0</xilinx:tag>
        <xilinx:tag xilinx:name="ui.data.coregen.dd@2622203_ARCHIVE_LOCATION">/home/thanx/HDL-Workspace/Xilinx_SDK_Workspace/MyAudio/CantaviStreamer6/ip-repo/ip_repo_vivado/FILTER_IIR_1.0</xilinx:tag>
        <xilinx:tag xilinx:name="ui.data.coregen.dd@6b51be59_ARCHIVE_LOCATION">/home/thanx/HDL-Workspace/Xilinx_SDK_Workspace/MyAudio/CantaviStreamer6/ip-repo/ip_repo_vivado/FILTER_IIR_1.0</xilinx:tag>
        <xilinx:tag xilinx:name="ui.data.coregen.dd@13e3369a_ARCHIVE_LOCATION">/home/thanx/HDL-Workspace/Xilinx_SDK_Workspace/MyAudio/CantaviStreamer6/ip-repo/ip_repo_vivado/FILTER_IIR_1.0</xilinx:tag>
        <xilinx:tag xilinx:name="ui.data.coregen.dd@47a80390_ARCHIVE_LOCATION">/home/thanx/HDL-Workspace/Xilinx_SDK_Workspace/MyAudio/CantaviStreamer6/ip-repo/ip_repo_vivado/FILTER_IIR_1.0</xilinx:tag>
        <xilinx:tag xilinx:name="ui.data.coregen.dd@4b575b67_ARCHIVE_LOCATION">/home/thanx/HDL-Workspace/Xilinx_SDK_Workspace/MyAudio/CantaviStreamer6/ip-repo/ip_repo_vivado/FILTER_IIR_1.0</xilinx:tag>
        <xilinx:tag xilinx:name="ui.data.coregen.dd@1bafabbc_ARCHIVE_LOCATION">/home/thanx/HDL-Workspace/Xilinx_SDK_Workspace/MyAudio/CantaviStreamer6/ip-repo/ip_repo_vivado/FILTER_IIR_1.0</xilinx:tag>
        <xilinx:tag xilinx:name="ui.data.coregen.dd@73066da6_ARCHIVE_LOCATION">/home/thanx/HDL-Workspace/Xilinx_SDK_Workspace/MyAudio/CantaviStreamer6/ip-repo/ip_repo_vivado/FILTER_IIR_1.0</xilinx:tag>
        <xilinx:tag xilinx:name="ui.data.coregen.dd@33159716_ARCHIVE_LOCATION">/home/thanx/HDL-Workspace/Xilinx_SDK_Workspace/MyAudio/CantaviStreamer6/ip-repo/ip_repo_vivado/FILTER_IIR_1.0</xilinx:tag>
        <xilinx:tag xilinx:name="ui.data.coregen.dd@92558c1_ARCHIVE_LOCATION">/home/thanx/HDL-Workspace/Xilinx_SDK_Workspace/MyAudio/CantaviStreamer6/ip-repo/ip_repo_vivado/FILTER_IIR_1.0</xilinx:tag>
        <xilinx:tag xilinx:name="ui.data.coregen.dd@35a1729c_ARCHIVE_LOCATION">/home/thanx/HDL-Workspace/Xilinx_SDK_Workspace/MyAudio/CantaviStreamer6/ip-repo/ip_repo_vivado/FILTER_IIR_1.0</xilinx:tag>
        <xilinx:tag xilinx:name="ui.data.coregen.dd@41ab41c9_ARCHIVE_LOCATION">/home/thanx/HDL-Workspace/Xilinx_SDK_Workspace/MyAudio/CantaviStreamer6/ip-repo/ip_repo_vivado/FILTER_IIR_1.0</xilinx:tag>
        <xilinx:tag xilinx:name="ui.data.coregen.dd@e742eef_ARCHIVE_LOCATION">/home/thanx/HDL-Workspace/Xilinx_SDK_Workspace/MyAudio/CantaviStreamer6-single/ip-repo/ip_repo_vivado/FILTER_IIR_1.0</xilinx:tag>
        <xilinx:tag xilinx:name="ui.data.coregen.dd@60409e62_ARCHIVE_LOCATION">/home/thanx/HDL-Workspace/Xilinx_SDK_Workspace/MyAudio/CantaviStreamer6-single/ip-repo/ip_repo_vivado/FILTER_IIR_1.0</xilinx:tag>
        <xilinx:tag xilinx:name="ui.data.coregen.dd@7bd6f6ae_ARCHIVE_LOCATION">/home/thanx/HDL-Workspace/Xilinx_SDK_Workspace/MyAudio/CantaviStreamer6-single/ip-repo/ip_repo_vivado/FILTER_IIR_1.0</xilinx:tag>
        <xilinx:tag xilinx:name="ui.data.coregen.dd@58b356cd_ARCHIVE_LOCATION">/home/thanx/HDL-Workspace/Xilinx_SDK_Workspace/MyAudio/CantaviStreamer6-single/ip-repo/ip_repo_vivado/FILTER_IIR_1.0</xilinx:tag>
        <xilinx:tag xilinx:name="ui.data.coregen.dd@4e036ab1_ARCHIVE_LOCATION">/home/thanx/HDL-Workspace/Xilinx_SDK_Workspace/MyAudio/CantaviStreamer6-single/ip-repo/ip_repo_vivado/FILTER_IIR_1.0</xilinx:tag>
        <xilinx:tag xilinx:name="ui.data.coregen.dd@1bc2f4bc_ARCHIVE_LOCATION">/home/thanx/HDL-Workspace/Xilinx_SDK_Workspace/MyAudio/CantaviStreamer6-single/ip-repo/ip_repo_vivado/FILTER_IIR_1.0</xilinx:tag>
        <xilinx:tag xilinx:name="ui.data.coregen.dd@715d0bdc_ARCHIVE_LOCATION">/home/thanx/HDL-Workspace/Xilinx_SDK_Workspace/MyAudio/CantaviStreamer6-single/ip-repo/ip_repo_vivado/FILTER_IIR_1.0</xilinx:tag>
        <xilinx:tag xilinx:name="ui.data.coregen.dd@23d24193_ARCHIVE_LOCATION">/home/thanx/HDL-Workspace/Xilinx_SDK_Workspace/MyAudio/CantaviStreamer6-single/ip-repo/ip_repo_vivado/FILTER_IIR_1.0</xilinx:tag>
        <xilinx:tag xilinx:name="ui.data.coregen.dd@3472f58_ARCHIVE_LOCATION">/home/thanx/HDL-Workspace/Xilinx_SDK_Workspace/MyAudio/CantaviStreamer6-single/ip-repo/ip_repo_vivado/FILTER_IIR_1.0</xilinx:tag>
        <xilinx:tag xilinx:name="ui.data.coregen.dd@52f0d394_ARCHIVE_LOCATION">/home/thanx/HDL-Workspace/Xilinx_SDK_Workspace/MyAudio/CantaviStreamer6-single/ip-repo/ip_repo_vivado/FILTER_IIR_1.0</xilinx:tag>
        <xilinx:tag xilinx:name="ui.data.coregen.dd@2d3fa11b_ARCHIVE_LOCATION">/home/thanx/HDL-Workspace/Xilinx_SDK_Workspace/MyAudio/CantaviStreamer6-single/ip-repo/ip_repo_vivado/FILTER_IIR_1.0</xilinx:tag>
        <xilinx:tag xilinx:name="ui.data.coregen.dd@14248686_ARCHIVE_LOCATION">/home/thanx/HDL-Workspace/Xilinx_SDK_Workspace/MyAudio/CantaviStreamer6-single-tc/ip-repo/ip_repo_vivado/FILTER_IIR_1.0</xilinx:tag>
        <xilinx:tag xilinx:name="ui.data.coregen.dd@3fd915bf_ARCHIVE_LOCATION">/home/thanx/HDL-Workspace/Xilinx_SDK_Workspace/MyAudio/CantaviStreamer6-single-tc/ip-repo/ip_repo_vivado/FILTER_IIR_1.0</xilinx:tag>
        <xilinx:tag xilinx:name="ui.data.coregen.dd@48ea41ab_ARCHIVE_LOCATION">/home/thanx/HDL-Workspace/Xilinx_SDK_Workspace/MyAudio/CantaviStreamer6-single-tc/ip-repo/ip_repo_vivado/FILTER_IIR_1.0</xilinx:tag>
        <xilinx:tag xilinx:name="ui.data.coregen.dd@9a1cf86_ARCHIVE_LOCATION">/home/thanx/HDL-Workspace/Xilinx_SDK_Workspace/MyAudio/CantaviStreamer6-single-tc/ip-repo/ip_repo_vivado/FILTER_IIR_1.0</xilinx:tag>
        <xilinx:tag xilinx:name="ui.data.coregen.dd@4565c534_ARCHIVE_LOCATION">/home/thanx/HDL-Workspace/Xilinx_SDK_Workspace/MyAudio/CantaviStreamer6-single-tc/ip-repo/ip_repo_vivado/FILTER_IIR_1.0</xilinx:tag>
        <xilinx:tag xilinx:name="ui.data.coregen.dd@e177cf0_ARCHIVE_LOCATION">/home/thanx/HDL-Workspace/Xilinx_SDK_Workspace/MyAudio/CantaviStreamer6-single-tc/ip-repo/ip_repo_vivado/FILTER_IIR_1.0</xilinx:tag>
        <xilinx:tag xilinx:name="ui.data.coregen.dd@141c17_ARCHIVE_LOCATION">/home/thanx/HDL-Workspace/Xilinx_SDK_Workspace/MyAudio/CantaviStreamer6-single-tc/ip-repo/ip_repo_vivado/FILTER_IIR_1.0</xilinx:tag>
        <xilinx:tag xilinx:name="ui.data.coregen.dd@7ac72128_ARCHIVE_LOCATION">/home/thanx/HDL-Workspace/Xilinx_SDK_Workspace/MyAudio/CantaviStreamer6-single-tc/ip-repo/ip_repo_vivado/FILTER_IIR_1.0</xilinx:tag>
        <xilinx:tag xilinx:name="ui.data.coregen.dd@442662df_ARCHIVE_LOCATION">/home/thanx/HDL-Workspace/Xilinx_SDK_Workspace/MyAudio/CantaviStreamer6-single-tc/ip-repo/ip_repo_vivado/FILTER_IIR_1.0</xilinx:tag>
        <xilinx:tag xilinx:name="ui.data.coregen.dd@48f0a574_ARCHIVE_LOCATION">/home/thanx/HDL-Workspace/Xilinx_SDK_Workspace/MyAudio/CantaviStreamer6-single-tc/ip-repo/ip_repo_vivado/FILTER_IIR_1.0</xilinx:tag>
        <xilinx:tag xilinx:name="ui.data.coregen.dd@6f4b4095_ARCHIVE_LOCATION">/home/thanx/HDL-Workspace/Xilinx_SDK_Workspace/MyAudio/CantaviStreamer6-single-tc/ip-repo/ip_repo_vivado/FILTER_IIR_1.0</xilinx:tag>
        <xilinx:tag xilinx:name="ui.data.coregen.dd@47ccbec0_ARCHIVE_LOCATION">/home/thanx/HDL-Workspace/Xilinx_SDK_Workspace/MyAudio/CantaviStreamer6-single-tc/ip-repo/ip_repo_vivado/FILTER_IIR_1.0</xilinx:tag>
        <xilinx:tag xilinx:name="ui.data.coregen.dd@5ab3a1a9_ARCHIVE_LOCATION">/home/thanx/HDL-Workspace/Xilinx_SDK_Workspace/MyAudio/CantaviStreamer6-single-tc/ip-repo/ip_repo_vivado/FILTER_IIR_1.0</xilinx:tag>
        <xilinx:tag xilinx:name="ui.data.coregen.dd@19770ec3_ARCHIVE_LOCATION">/home/thanx/HDL-Workspace/Xilinx_SDK_Workspace/MyAudio/CantaviStreamer6-single-tc/ip-repo/ip_repo_vivado/FILTER_IIR_1.0</xilinx:tag>
        <xilinx:tag xilinx:name="ui.data.coregen.dd@7796b870_ARCHIVE_LOCATION">/home/thanx/HDL-Workspace/Xilinx_SDK_Workspace/MyAudio/CantaviStreamer6-single-tc/ip-repo/ip_repo_vivado/FILTER_IIR_1.0</xilinx:tag>
        <xilinx:tag xilinx:name="ui.data.coregen.dd@3863e25b_ARCHIVE_LOCATION">/home/thanx/HDL-Workspace/Xilinx_SDK_Workspace/MyAudio/CantaviStreamer6-single-tc/ip-repo/ip_repo_vivado/FILTER_IIR_1.0</xilinx:tag>
        <xilinx:tag xilinx:name="ui.data.coregen.dd@76d73c1_ARCHIVE_LOCATION">/home/thanx/HDL-Workspace/Xilinx_SDK_Workspace/MyAudio/CantaviStreamer6-single-tc/ip-repo/ip_repo_vivado/FILTER_IIR_1.0</xilinx:tag>
        <xilinx:tag xilinx:name="ui.data.coregen.dd@4b1bcf72_ARCHIVE_LOCATION">/home/thanx/HDL-Workspace/Xilinx_SDK_Workspace/MyAudio/CantaviStreamer6-single-tc/ip-repo/ip_repo_vivado/FILTER_IIR_1.0</xilinx:tag>
        <xilinx:tag xilinx:name="ui.data.coregen.dd@dce0ee_ARCHIVE_LOCATION">/home/thanx/HDL-Workspace/Xilinx_SDK_Workspace/MyAudio/CantaviStreamer6-single-tc/ip-repo/ip_repo_vivado/FILTER_IIR_1.0</xilinx:tag>
        <xilinx:tag xilinx:name="ui.data.coregen.dd@c0d84f7_ARCHIVE_LOCATION">/home/thanx/HDL-Workspace/Xilinx_SDK_Workspace/MyAudio/CantaviStreamer6-single-tc/ip-repo/ip_repo_vivado/FILTER_IIR_1.0</xilinx:tag>
        <xilinx:tag xilinx:name="ui.data.coregen.dd@35e7850_ARCHIVE_LOCATION">/home/thanx/HDL-Workspace/Xilinx_SDK_Workspace/MyAudio/CantaviStreamer6-single-tc/ip-repo/ip_repo_vivado/FILTER_IIR_1.0</xilinx:tag>
        <xilinx:tag xilinx:name="ui.data.coregen.dd@358849c6_ARCHIVE_LOCATION">/home/thanx/HDL-Workspace/Xilinx_SDK_Workspace/MyAudio/CantaviStreamer6-single-tc/ip-repo/ip_repo_vivado/FILTER_IIR_1.0</xilinx:tag>
        <xilinx:tag xilinx:name="ui.data.coregen.dd@36cb24cb_ARCHIVE_LOCATION">/home/thanx/HDL-Workspace/Xilinx_SDK_Workspace/MyAudio/CantaviStreamer6-single-tc/ip-repo/ip_repo_vivado/FILTER_IIR_1.0</xilinx:tag>
        <xilinx:tag xilinx:name="ui.data.coregen.dd@74725aa9_ARCHIVE_LOCATION">/home/thanx/HDL-Workspace/Xilinx_SDK_Workspace/MyAudio/CantaviStreamer6-single-tc/ip-repo/ip_repo_vivado/FILTER_IIR_1.0</xilinx:tag>
        <xilinx:tag xilinx:name="ui.data.coregen.dd@1c1898b1_ARCHIVE_LOCATION">/home/thanx/HDL-Workspace/Xilinx_SDK_Workspace/MyAudio/CantaviStreamer6-single-tc/ip-repo/ip_repo_vivado/FILTER_IIR_1.0</xilinx:tag>
        <xilinx:tag xilinx:name="ui.data.coregen.dd@1326d036_ARCHIVE_LOCATION">/home/thanx/HDL-Workspace/Xilinx_SDK_Workspace/MyAudio/CantaviStreamer6-single-tc/ip-repo/ip_repo_vivado/FILTER_IIR_1.0</xilinx:tag>
        <xilinx:tag xilinx:name="ui.data.coregen.dd@3a0579d0_ARCHIVE_LOCATION">/home/thanx/HDL-Workspace/Xilinx_SDK_Workspace/MyAudio/CantaviStreamer6-single-tc/ip-repo/ip_repo_vivado/FILTER_IIR_1.0</xilinx:tag>
        <xilinx:tag xilinx:name="ui.data.coregen.dd@526d5d3b_ARCHIVE_LOCATION">/home/thanx/HDL-Workspace/Xilinx_SDK_Workspace/MyAudio/CantaviStreamer6-single-tc/ip-repo/ip_repo_vivado/FILTER_IIR_1.0</xilinx:tag>
        <xilinx:tag xilinx:name="ui.data.coregen.dd@6c78297d_ARCHIVE_LOCATION">/home/thanx/HDL-Workspace/Xilinx_SDK_Workspace/MyAudio/CantaviStreamer6-single-tc/ip-repo/ip_repo_vivado/FILTER_IIR_1.0</xilinx:tag>
        <xilinx:tag xilinx:name="ui.data.coregen.dd@68d339f4_ARCHIVE_LOCATION">/home/thanx/HDL-Workspace/Xilinx_SDK_Workspace/MyAudio/CantaviStreamer6-single-tc/ip-repo/ip_repo_vivado/FILTER_IIR_1.0</xilinx:tag>
        <xilinx:tag xilinx:name="ui.data.coregen.dd@29fe2fa8_ARCHIVE_LOCATION">/home/thanx/HDL-Workspace/Xilinx_SDK_Workspace/MyAudio/CantaviStreamer6-single-tc/ip-repo/ip_repo_vivado/FILTER_IIR_1.0</xilinx:tag>
        <xilinx:tag xilinx:name="ui.data.coregen.dd@25ea4be9_ARCHIVE_LOCATION">/home/thanx/HDL-Workspace/Xilinx_SDK_Workspace/MyAudio/CantaviStreamer6-single-tc/ip-repo/ip_repo_vivado/FILTER_IIR_1.0</xilinx:tag>
        <xilinx:tag xilinx:name="ui.data.coregen.dd@5d630b8a_ARCHIVE_LOCATION">/home/thanx/HDL-Workspace/Xilinx_SDK_Workspace/MyAudio/CantaviStreamer6-single-tc/ip-repo/ip_repo_vivado/FILTER_IIR_1.0</xilinx:tag>
        <xilinx:tag xilinx:name="ui.data.coregen.dd@51165c6c_ARCHIVE_LOCATION">/home/thanx/HDL-Workspace/Xilinx_SDK_Workspace/MyAudio/CantaviStreamer6-single-tc/ip-repo/ip_repo_vivado/FILTER_IIR_1.0</xilinx:tag>
        <xilinx:tag xilinx:name="ui.data.coregen.dd@f11872a_ARCHIVE_LOCATION">/home/thanx/HDL-Workspace/Xilinx_SDK_Workspace/MyAudio/CantaviStreamer6-single-tc/ip-repo/ip_repo_vivado/FILTER_IIR_1.0</xilinx:tag>
        <xilinx:tag xilinx:name="ui.data.coregen.dd@7e754445_ARCHIVE_LOCATION">/home/thanx/HDL-Workspace/Xilinx_SDK_Workspace/MyAudio/CantaviStreamer6-single-tc/ip-repo/ip_repo_vivado/FILTER_IIR_1.0</xilinx:tag>
        <xilinx:tag xilinx:name="ui.data.coregen.dd@414d01b0_ARCHIVE_LOCATION">/home/thanx/HDL-Workspace/Xilinx_SDK_Workspace/MyAudio/CantaviStreamer6-single-tc/ip-repo/ip_repo_vivado/FILTER_IIR_1.0</xilinx:tag>
        <xilinx:tag xilinx:name="ui.data.coregen.dd@1e6e305_ARCHIVE_LOCATION">/home/thanx/HDL-Workspace/Xilinx_SDK_Workspace/MyAudio/CantaviStreamer6-single-tc/ip-repo/ip_repo_vivado/FILTER_IIR_1.0</xilinx:tag>
        <xilinx:tag xilinx:name="ui.data.coregen.dd@1ee0bc9e_ARCHIVE_LOCATION">/home/thanx/HDL-Workspace/Xilinx_SDK_Workspace/MyAudio/CantaviStreamer6-single-tc/ip-repo/ip_repo_vivado/FILTER_IIR_1.0</xilinx:tag>
        <xilinx:tag xilinx:name="ui.data.coregen.dd@371472da_ARCHIVE_LOCATION">/home/thanx/HDL-Workspace/Xilinx_SDK_Workspace/MyAudio/CantaviStreamer6-single-tc/ip-repo/ip_repo_vivado/FILTER_IIR_1.0</xilinx:tag>
        <xilinx:tag xilinx:name="ui.data.coregen.dd@d2c57fd_ARCHIVE_LOCATION">/home/thanx/HDL-Workspace/Xilinx_SDK_Workspace/MyAudio/CantaviStreamer6-single-tc/ip-repo/ip_repo_vivado/FILTER_IIR_1.0</xilinx:tag>
        <xilinx:tag xilinx:name="ui.data.coregen.dd@7ac4d0f8_ARCHIVE_LOCATION">/home/thanx/HDL-Workspace/Xilinx_SDK_Workspace/MyAudio/CantaviStreamer6-single-tc/ip-repo/ip_repo_vivado/FILTER_IIR_1.0</xilinx:tag>
        <xilinx:tag xilinx:name="ui.data.coregen.dd@6a23304e_ARCHIVE_LOCATION">/home/thanx/HDL-Workspace/Xilinx_SDK_Workspace/MyAudio/CantaviStreamer6-single-tc/ip-repo/ip_repo_vivado/FILTER_IIR_1.0</xilinx:tag>
        <xilinx:tag xilinx:name="ui.data.coregen.dd@2355421e_ARCHIVE_LOCATION">/home/thanx/HDL-Workspace/Xilinx_SDK_Workspace/MyAudio/CantaviStreamer6-single-tc/ip-repo/ip_repo_vivado/FILTER_IIR_1.0</xilinx:tag>
        <xilinx:tag xilinx:name="ui.data.coregen.dd@3fea1744_ARCHIVE_LOCATION">/home/thanx/HDL-Workspace/Xilinx_SDK_Workspace/MyAudio/CantaviStreamer6-single-tc/ip-repo/ip_repo_vivado/FILTER_IIR_1.0</xilinx:tag>
        <xilinx:tag xilinx:name="ui.data.coregen.dd@5d5fd6f7_ARCHIVE_LOCATION">/home/thanx/HDL-Workspace/Xilinx_SDK_Workspace/MyAudio/CantaviStreamer6-single-tc/ip-repo/ip_repo_vivado/FILTER_IIR_1.0</xilinx:tag>
        <xilinx:tag xilinx:name="ui.data.coregen.dd@14a3978a_ARCHIVE_LOCATION">/home/thanx/HDL-Workspace/Xilinx_SDK_Workspace/MyAudio/CantaviStreamer6-single-tc/ip-repo/ip_repo_vivado/FILTER_IIR_1.0</xilinx:tag>
        <xilinx:tag xilinx:name="ui.data.coregen.dd@41b8e51c_ARCHIVE_LOCATION">/home/thanx/HDL-Workspace/Xilinx_SDK_Workspace/MyAudio/CantaviStreamer6-single-tc/ip-repo/ip_repo_vivado/FILTER_IIR_1.0</xilinx:tag>
        <xilinx:tag xilinx:name="ui.data.coregen.dd@17b0aac8_ARCHIVE_LOCATION">/home/thanx/HDL-Workspace/Xilinx_SDK_Workspace/MyAudio/CantaviStreamer6-single-tc/ip-repo/ip_repo_vivado/FILTER_IIR_1.0</xilinx:tag>
        <xilinx:tag xilinx:name="ui.data.coregen.dd@7d21c5d1_ARCHIVE_LOCATION">/home/thanx/HDL-Workspace/Xilinx_SDK_Workspace/MyAudio/CantaviStreamer6-single-tc/ip-repo/ip_repo_vivado/FILTER_IIR_1.0</xilinx:tag>
        <xilinx:tag xilinx:name="ui.data.coregen.dd@4ee42359_ARCHIVE_LOCATION">/home/thanx/HDL-Workspace/Xilinx_SDK_Workspace/MyAudio/CantaviStreamer6-single-tc/ip-repo/ip_repo_vivado/FILTER_IIR_1.0</xilinx:tag>
        <xilinx:tag xilinx:name="ui.data.coregen.dd@7a03d9e5_ARCHIVE_LOCATION">/home/thanx/HDL-Workspace/Xilinx_SDK_Workspace/MyAudio/CantaviStreamer6-single-tc/ip-repo/ip_repo_vivado/FILTER_IIR_1.0</xilinx:tag>
        <xilinx:tag xilinx:name="ui.data.coregen.dd@29396f2_ARCHIVE_LOCATION">/home/thanx/HDL-Workspace/Xilinx_SDK_Workspace/MyAudio/CantaviStreamer6-single-tc/ip-repo/ip_repo_vivado/FILTER_IIR_1.0</xilinx:tag>
        <xilinx:tag xilinx:name="ui.data.coregen.dd@2738b3f5_ARCHIVE_LOCATION">/home/thanx/HDL-Workspace/Xilinx_SDK_Workspace/MyAudio/CantaviStreamer6-single-tc/ip-repo/ip_repo_vivado/FILTER_IIR_1.0</xilinx:tag>
        <xilinx:tag xilinx:name="ui.data.coregen.dd@3b1fc6eb_ARCHIVE_LOCATION">/home/thanx/HDL-Workspace/Xilinx_SDK_Workspace/MyAudio/CantaviStreamer6-single-tc/ip-repo/ip_repo_vivado/FILTER_IIR_1.0</xilinx:tag>
        <xilinx:tag xilinx:name="ui.data.coregen.dd@5d0aa728_ARCHIVE_LOCATION">/home/thanx/HDL-Workspace/Xilinx_SDK_Workspace/MyAudio/CantaviStreamer6-single-tc/ip-repo/ip_repo_vivado/FILTER_IIR_1.0</xilinx:tag>
        <xilinx:tag xilinx:name="ui.data.coregen.dd@720480fa_ARCHIVE_LOCATION">/home/thanx/HDL-Workspace/Xilinx_SDK_Workspace/MyAudio/CantaviStreamer6-single-tc/ip-repo/ip_repo_vivado/FILTER_IIR_1.0</xilinx:tag>
        <xilinx:tag xilinx:name="ui.data.coregen.dd@4c23b625_ARCHIVE_LOCATION">/home/thanx/HDL-Workspace/Xilinx_SDK_Workspace/MyAudio/CantaviStreamer6-single-tc/ip-repo/ip_repo_vivado/FILTER_IIR_1.0</xilinx:tag>
        <xilinx:tag xilinx:name="ui.data.coregen.dd@73254c78_ARCHIVE_LOCATION">/home/thanx/HDL-Workspace/Xilinx_SDK_Workspace/MyAudio/CantaviStreamer6-single-tc/ip-repo/ip_repo_vivado/FILTER_IIR_1.0</xilinx:tag>
        <xilinx:tag xilinx:name="ui.data.coregen.dd@342b4c78_ARCHIVE_LOCATION">/home/thanx/HDL-Workspace/Xilinx_SDK_Workspace/MyAudio/CantaviStreamer6-single-tc/ip-repo/ip_repo_vivado/FILTER_IIR_1.0</xilinx:tag>
        <xilinx:tag xilinx:name="ui.data.coregen.dd@42e04598_ARCHIVE_LOCATION">/home/thanx/HDL-Workspace/Xilinx_SDK_Workspace/MyAudio/CantaviStreamer6-single-tc/ip-repo/ip_repo_vivado/FILTER_IIR_1.0</xilinx:tag>
        <xilinx:tag xilinx:name="ui.data.coregen.dd@63d11d86_ARCHIVE_LOCATION">/home/thanx/HDL-Workspace/Xilinx_SDK_Workspace/MyAudio/CantaviStreamer6-single-tc/ip-repo/ip_repo_vivado/FILTER_IIR_1.0</xilinx:tag>
        <xilinx:tag xilinx:name="ui.data.coregen.dd@766def5b_ARCHIVE_LOCATION">/home/thanx/HDL-Workspace/Xilinx_SDK_Workspace/MyAudio/CantaviStreamer6-single-tc/ip-repo/ip_repo_vivado/FILTER_IIR_1.0</xilinx:tag>
        <xilinx:tag xilinx:name="ui.data.coregen.dd@31c182dd_ARCHIVE_LOCATION">/home/thanx/HDL-Workspace/Xilinx_SDK_Workspace/MyAudio/CantaviStreamer6-single-tc/ip-repo/ip_repo_vivado/FILTER_IIR_1.0</xilinx:tag>
        <xilinx:tag xilinx:name="ui.data.coregen.dd@7ddb6e53_ARCHIVE_LOCATION">/home/thanx/HDL-Workspace/Xilinx_SDK_Workspace/MyAudio/CantaviStreamer6-single-tc/ip-repo/ip_repo_vivado/FILTER_IIR_1.0</xilinx:tag>
        <xilinx:tag xilinx:name="ui.data.coregen.dd@704a98e3_ARCHIVE_LOCATION">/home/thanx/HDL-Workspace/Xilinx_SDK_Workspace/MyAudio/CantaviStreamer6-single-tc/ip-repo/ip_repo_vivado/FILTER_IIR_1.0</xilinx:tag>
        <xilinx:tag xilinx:name="ui.data.coregen.dd@73e7e696_ARCHIVE_LOCATION">/home/thanx/HDL-Workspace/Xilinx_SDK_Workspace/MyAudio/CantaviStreamer6-single-tc/ip-repo/ip_repo_vivado/FILTER_IIR_1.0</xilinx:tag>
        <xilinx:tag xilinx:name="ui.data.coregen.dd@38a7335f_ARCHIVE_LOCATION">/home/thanx/HDL-Workspace/Xilinx_SDK_Workspace/MyAudio/CantaviStreamer6-single-tc/ip-repo/ip_repo_vivado/FILTER_IIR_1.0</xilinx:tag>
        <xilinx:tag xilinx:name="ui.data.coregen.dd@11edcb0a_ARCHIVE_LOCATION">/home/thanx/HDL-Workspace/Xilinx_SDK_Workspace/MyAudio/CantaviStreamer6-single-tc/ip-repo/ip_repo_vivado/FILTER_IIR_1.0</xilinx:tag>
        <xilinx:tag xilinx:name="ui.data.coregen.dd@1034b3ef_ARCHIVE_LOCATION">/home/thanx/HDL-Workspace/Xilinx_SDK_Workspace/MyAudio/CantaviStreamer6-single-tc/ip-repo/ip_repo_vivado/FILTER_IIR_1.0</xilinx:tag>
        <xilinx:tag xilinx:name="ui.data.coregen.dd@742e30c4_ARCHIVE_LOCATION">/home/thanx/HDL-Workspace/Xilinx_SDK_Workspace/MyAudio/CantaviStreamer6-single-tc/ip-repo/ip_repo_vivado/FILTER_IIR_1.0</xilinx:tag>
        <xilinx:tag xilinx:name="ui.data.coregen.dd@50580eba_ARCHIVE_LOCATION">/home/thanx/HDL-Workspace/Xilinx_SDK_Workspace/MyAudio/CantaviStreamer6-single-tc/ip-repo/ip_repo_vivado/FILTER_IIR_1.0</xilinx:tag>
        <xilinx:tag xilinx:name="ui.data.coregen.dd@20188d42_ARCHIVE_LOCATION">/home/thanx/HDL-Workspace/Xilinx_SDK_Workspace/MyAudio/CantaviStreamer6-single-tc/ip-repo/ip_repo_vivado/FILTER_IIR_1.0</xilinx:tag>
        <xilinx:tag xilinx:name="ui.data.coregen.dd@7c22583b_ARCHIVE_LOCATION">/home/thanx/HDL-Workspace/Xilinx_SDK_Workspace/MyAudio/CantaviStreamer6-single-tc/ip-repo/ip_repo_vivado/FILTER_IIR_1.0</xilinx:tag>
        <xilinx:tag xilinx:name="ui.data.coregen.dd@78ea4bf7_ARCHIVE_LOCATION">/home/thanx/HDL-Workspace/Xilinx_SDK_Workspace/MyAudio/CantaviStreamer6-single-tc/ip-repo/ip_repo_vivado/FILTER_IIR_1.0</xilinx:tag>
        <xilinx:tag xilinx:name="ui.data.coregen.dd@4210512a_ARCHIVE_LOCATION">/home/thanx/HDL-Workspace/Xilinx_SDK_Workspace/MyAudio/CantaviStreamer6-single-tc/ip-repo/ip_repo_vivado/FILTER_IIR_1.0</xilinx:tag>
        <xilinx:tag xilinx:name="ui.data.coregen.dd@31f6403f_ARCHIVE_LOCATION">/home/thanx/HDL-Workspace/Xilinx_SDK_Workspace/MyAudio/CantaviStreamer6-single-tc/ip-repo/ip_repo_vivado/FILTER_IIR_1.0</xilinx:tag>
        <xilinx:tag xilinx:name="ui.data.coregen.dd@2c117ffe_ARCHIVE_LOCATION">/home/thanx/HDL-Workspace/Xilinx_SDK_Workspace/MyAudio/CantaviStreamer6-single-tc/ip-repo/ip_repo_vivado/FILTER_IIR_1.0</xilinx:tag>
        <xilinx:tag xilinx:name="ui.data.coregen.dd@628ee598_ARCHIVE_LOCATION">/home/thanx/HDL-Workspace/Xilinx_SDK_Workspace/MyAudio/CantaviStreamer6-single-tc/ip-repo/ip_repo_vivado/FILTER_IIR_1.0</xilinx:tag>
        <xilinx:tag xilinx:name="ui.data.coregen.dd@31db07dc_ARCHIVE_LOCATION">/home/thanx/HDL-Workspace/Xilinx_SDK_Workspace/MyAudio/CantaviStreamer6-single-tc/ip-repo/ip_repo_vivado/FILTER_IIR_1.0</xilinx:tag>
        <xilinx:tag xilinx:name="ui.data.coregen.dd@6d97aa14_ARCHIVE_LOCATION">/home/thanx/HDL-Workspace/Xilinx_SDK_Workspace/MyAudio/CantaviStreamer6-single-tc/ip-repo/ip_repo_vivado/FILTER_IIR_1.0</xilinx:tag>
        <xilinx:tag xilinx:name="ui.data.coregen.dd@b47972f_ARCHIVE_LOCATION">/home/thanx/HDL-Workspace/Xilinx_SDK_Workspace/MyAudio/CantaviStreamer6-single-tc/ip-repo/ip_repo_vivado/FILTER_IIR_1.0</xilinx:tag>
        <xilinx:tag xilinx:name="ui.data.coregen.dd@75546a2a_ARCHIVE_LOCATION">/home/thanx/HDL-Workspace/Xilinx_SDK_Workspace/MyAudio/CantaviStreamer6-single-tc-grplc-int-tm_sw_sip_cc/ip-repo/ip_repo_vivado/FILTER_IIR_1.0</xilinx:tag>
        <xilinx:tag xilinx:name="ui.data.coregen.dd@1f36e39_ARCHIVE_LOCATION">/home/thanx/HDL-Workspace/Xilinx_SDK_Workspace/MyAudio/CantaviStreamer6-single-tc-grplc-int-tm_sw_sip_cc/ip-repo/ip_repo_vivado/FILTER_IIR_1.0</xilinx:tag>
        <xilinx:tag xilinx:name="ui.data.coregen.dd@79ba43c9_ARCHIVE_LOCATION">/home/thanx/HDL-Workspace/Xilinx_SDK_Workspace/MyAudio/CantaviStreamer6-single-tc-grplc-int-tm_sw_sip_cc/ip-repo/ip_repo_vivado/FILTER_IIR_1.0</xilinx:tag>
        <xilinx:tag xilinx:name="ui.data.coregen.dd@30a9521e_ARCHIVE_LOCATION">/home/thanx/HDL-Workspace/Xilinx_SDK_Workspace/MyAudio/CantaviStreamer6-single-tc-grplc-int-tm_sw_sip_cc/ip-repo/ip_repo_vivado/FILTER_IIR_1.0</xilinx:tag>
        <xilinx:tag xilinx:name="ui.data.coregen.dd@6872346b_ARCHIVE_LOCATION">/home/thanx/HDL-Workspace/Xilinx_SDK_Workspace/MyAudio/CantaviStreamer6-single-tc-grplc-int-tm_sw_sip_cc/ip-repo/ip_repo_vivado/FILTER_IIR_1.0</xilinx:tag>
        <xilinx:tag xilinx:name="ui.data.coregen.dd@70423ba2_ARCHIVE_LOCATION">/home/thanx/HDL-Workspace/Xilinx_SDK_Workspace/MyAudio/CantaviStreamer6-single-tc-grplc-int-tm_sw_sip_cc/ip-repo/ip_repo_vivado/FILTER_IIR_1.0</xilinx:tag>
        <xilinx:tag xilinx:name="ui.data.coregen.dd@68a9fb21_ARCHIVE_LOCATION">/home/thanx/HDL-Workspace/Xilinx_SDK_Workspace/MyAudio/CantaviStreamer6-single-tc-grplc-int-tm_sw_sip_cc/ip-repo/ip_repo_vivado/FILTER_IIR_1.0</xilinx:tag>
        <xilinx:tag xilinx:name="ui.data.coregen.dd@55a67834_ARCHIVE_LOCATION">/home/thanx/HDL-Workspace/Xilinx_SDK_Workspace/MyAudio/CantaviStreamer6-single-tc-grplc-int-tm_sw_sip_cc/ip-repo/ip_repo_vivado/FILTER_IIR_1.0</xilinx:tag>
        <xilinx:tag xilinx:name="ui.data.coregen.dd@5cb504e3_ARCHIVE_LOCATION">/home/thanx/HDL-Workspace/Xilinx_SDK_Workspace/MyAudio/CantaviStreamer6-single-tc-grplc-int-tm_sw_sip_cc/ip-repo/ip_repo_vivado/FILTER_IIR_1.0</xilinx:tag>
        <xilinx:tag xilinx:name="ui.data.coregen.dd@283181e1_ARCHIVE_LOCATION">/home/thanx/HDL-Workspace/Xilinx_SDK_Workspace/MyAudio/CantaviStreamer6-single-tc-grplc-int-tm_sw_sip_cc/ip-repo/ip_repo_vivado/FILTER_IIR_1.0</xilinx:tag>
        <xilinx:tag xilinx:name="ui.data.coregen.dd@38a6e994_ARCHIVE_LOCATION">/home/thanx/HDL-Workspace/Xilinx_SDK_Workspace/MyAudio/CantaviStreamer6-single-tc-grplc-int-tm_sw_sip_cc/ip-repo/ip_repo_vivado/FILTER_IIR_1.0</xilinx:tag>
        <xilinx:tag xilinx:name="ui.data.coregen.dd@6e3096e4_ARCHIVE_LOCATION">/home/thanx/HDL-Workspace/Xilinx_SDK_Workspace/MyAudio/CantaviStreamer6-single-tc-grplc-int-tm_sw_sip_cc/ip-repo/ip_repo_vivado/FILTER_IIR_1.0</xilinx:tag>
        <xilinx:tag xilinx:name="ui.data.coregen.dd@2a17e560_ARCHIVE_LOCATION">/home/thanx/HDL-Workspace/Xilinx_SDK_Workspace/MyAudio/CantaviStreamer6-single-tc-grplc-int-tm_sw_sip_cc/ip-repo/ip_repo_vivado/FILTER_IIR_1.0</xilinx:tag>
        <xilinx:tag xilinx:name="ui.data.coregen.dd@41b1957_ARCHIVE_LOCATION">/home/thanx/HDL-Workspace/Xilinx_SDK_Workspace/MyAudio/CantaviStreamer6-single-tc-grplc-int-tm_sw_sip_cc/ip-repo/ip_repo_vivado/FILTER_IIR_1.0</xilinx:tag>
        <xilinx:tag xilinx:name="ui.data.coregen.dd@296b523d_ARCHIVE_LOCATION">/home/thanx/HDL-Workspace/Xilinx_SDK_Workspace/MyAudio/CantaviStreamer6-single-tc-grplc-int-tm_sw_sip_cc/ip-repo/ip_repo_vivado/FILTER_IIR_1.0</xilinx:tag>
        <xilinx:tag xilinx:name="ui.data.coregen.dd@6e04c9d6_ARCHIVE_LOCATION">/home/thanx/HDL-Workspace/Xilinx_SDK_Workspace/MyAudio/CantaviStreamer6-single-tc-grplc-int-tm_sw_sip_cc/ip-repo/ip_repo_vivado/FILTER_IIR_1.0</xilinx:tag>
        <xilinx:tag xilinx:name="ui.data.coregen.dd@1f70aa69_ARCHIVE_LOCATION">/home/thanx/HDL-Workspace/Xilinx_SDK_Workspace/MyAudio/CantaviStreamer6-single-tc-grplc-int-tm_sw_sip_cc/ip-repo/ip_repo_vivado/FILTER_IIR_1.0</xilinx:tag>
        <xilinx:tag xilinx:name="ui.data.coregen.dd@397f2c4d_ARCHIVE_LOCATION">/home/thanx/HDL-Workspace/Xilinx_SDK_Workspace/MyAudio/CantaviStreamer6-single-tc-grplc-int-tm_sw_sip_cc/ip-repo/ip_repo_vivado/FILTER_IIR_1.0</xilinx:tag>
        <xilinx:tag xilinx:name="ui.data.coregen.dd@63e75186_ARCHIVE_LOCATION">/home/thanx/HDL-Workspace/Xilinx_SDK_Workspace/MyAudio/CantaviStreamer6-single-tc-grplc-int-tm_sw_sip_cc/ip-repo/ip_repo_vivado/FILTER_IIR_1.0</xilinx:tag>
        <xilinx:tag xilinx:name="ui.data.coregen.dd@4b3eaffb_ARCHIVE_LOCATION">/home/thanx/HDL-Workspace/Xilinx_SDK_Workspace/MyAudio/CantaviStreamer6-single-tc-grplc-int-tm_sw_sip_cc/ip-repo/ip_repo_vivado/FILTER_IIR_1.0</xilinx:tag>
        <xilinx:tag xilinx:name="ui.data.coregen.dd@24513282_ARCHIVE_LOCATION">/home/thanx/HDL-Workspace/Xilinx_SDK_Workspace/MyAudio/CantaviStreamer6-single-tc-grplc-int-tm_sw_sip_cc/ip-repo/ip_repo_vivado/FILTER_IIR_1.0</xilinx:tag>
        <xilinx:tag xilinx:name="ui.data.coregen.dd@7cbae3cc_ARCHIVE_LOCATION">/home/thanx/HDL-Workspace/Xilinx_SDK_Workspace/MyAudio/CantaviStreamer6-single-tc-grplc-int-tm_sw_sip_cc/ip-repo/ip_repo_vivado/FILTER_IIR_1.0</xilinx:tag>
        <xilinx:tag xilinx:name="ui.data.coregen.dd@561de2f7_ARCHIVE_LOCATION">/home/thanx/HDL-Workspace/Xilinx_SDK_Workspace/MyAudio/CantaviStreamer6-single-tc-grplc-int-tm_sw_sip_cc_MK/ip-repo/ip_repo_vivado/FILTER_IIR_1.0</xilinx:tag>
        <xilinx:tag xilinx:name="ui.data.coregen.dd@39c0b97b_ARCHIVE_LOCATION">/home/thanx/HDL-Workspace/Xilinx_SDK_Workspace/MyAudio/CantaviStreamer6-single-tc-grplc-int-tm_sw_sip_cc_MK/ip-repo/ip_repo_vivado/FILTER_IIR_1.0</xilinx:tag>
        <xilinx:tag xilinx:name="ui.data.coregen.dd@7764abb3_ARCHIVE_LOCATION">/home/thanx/HDL-Workspace/Xilinx_SDK_Workspace/MyAudio/CantaviStreamer6-single-tc-grplc-int-tm_sw_sip_cc_MK/ip-repo/ip_repo_vivado/FILTER_IIR_1.0</xilinx:tag>
        <xilinx:tag xilinx:name="ui.data.coregen.dd@4e393587_ARCHIVE_LOCATION">/home/thanx/HDL-Workspace/Xilinx_SDK_Workspace/MyAudio/CantaviStreamer6-single-tc-grplc-int-tm_sw_sip_cc_MK/ip-repo/ip_repo_vivado/FILTER_IIR_1.0</xilinx:tag>
        <xilinx:tag xilinx:name="ui.data.coregen.dd@50f04603_ARCHIVE_LOCATION">/home/thanx/HDL-Workspace/Xilinx_SDK_Workspace/MyAudio/CantaviStreamer6-single-tc-grplc-int-tm_sw_sip_cc_MK/ip-repo/ip_repo_vivado/FILTER_IIR_1.0</xilinx:tag>
      </xilinx:tags>
    </xilinx:coreExtensions>
    <xilinx:packagingInfo>
      <xilinx:xilinxVersion>2018.3</xilinx:xilinxVersion>
      <xilinx:checksum xilinx:scope="busInterfaces" xilinx:value="547596fe"/>
      <xilinx:checksum xilinx:scope="memoryMaps" xilinx:value="ebdd79b6"/>
      <xilinx:checksum xilinx:scope="fileGroups" xilinx:value="be4b8947"/>
      <xilinx:checksum xilinx:scope="ports" xilinx:value="de0c6f71"/>
      <xilinx:checksum xilinx:scope="hdlParameters" xilinx:value="a0a6f17f"/>
      <xilinx:checksum xilinx:scope="parameters" xilinx:value="315c1831"/>
    </xilinx:packagingInfo>
  </spirit:vendorExtensions>
</spirit:component>
